CID,CIDint,PROB_SCONE,PROB_SNIRFV19,PROB_SNNDESCC,PROB_SNNJ17,PROB_SNNV19
1246275,1246275,0.9902,0.8486,1.0000,0.9999,1.0000
1246281,1246281,0.9432,1.0000,1.0000,0.9999,1.0000
1246314,1246314,0.9891,0.7823,0.9993,0.9970,0.9998
1246527,1246527,0.9757,1.0000,0.9997,0.9998,1.0000
1246529,1246529,0.9549,0.9407,0.9996,0.9993,1.0000
1246626,1246626,0.8059,0.6451,0.9998,0.9973,0.9999
1246650,1246650,0.9793,0.9350,0.9999,0.9984,0.9996
1246717,1246717,0.9041,0.8796,0.9886,0.9608,0.9977
1246758,1246758,0.9986,1.0000,0.9999,0.9996,1.0000
1246791,1246791,0.8364,0.9808,1.0000,0.9994,0.9995
1246796,1246796,0.0145,0.8753,0.0000,0.0008,0.0000
1247022,1247022,0.9823,0.7773,0.9911,0.9995,0.9997
1247420,1247420,0.0110,0.6901,0.9991,0.9958,0.9739
1247537,1247537,0.9990,0.9917,1.0000,0.9999,1.0000
1247570,1247570,0.9983,0.9860,0.9997,0.9994,1.0000
1248039,1248039,0.5532,0.8748,0.9539,0.9994,0.9989
1248084,1248084,0.9932,1.0000,0.9998,0.9989,0.9999
1248243,1248243,0.9995,0.9453,0.9999,1.0000,1.0000
1248441,1248441,0.9697,0.6530,0.9939,0.9777,0.9996
1248677,1248677,0.9578,1.0000,1.0000,0.9994,1.0000
1248907,1248907,0.9582,1.0000,1.0000,0.9999,1.0000
1248925,1248925,0.9849,1.0000,1.0000,1.0000,1.0000
1248936,1248936,0.9989,0.9713,1.0000,0.9995,1.0000
1248962,1248962,0.9997,0.9867,1.0000,0.9998,1.0000
1249090,1249090,0.9442,0.9740,0.9998,0.9999,1.0000
1249137,1249137,0.9855,0.9830,1.0000,0.9997,1.0000
1249178,1249178,0.9812,0.9646,0.9997,0.9949,0.9990
1249182,1249182,0.9970,0.5519,1.0000,0.9990,0.9990
1249209,1249209,0.9999,0.9828,1.0000,0.9999,1.0000
1249245,1249245,0.6447,0.9875,0.0069,0.9772,0.3729
1249264,1249264,0.9995,0.7440,1.0000,0.9995,1.0000
1249304,1249304,0.9930,0.9850,0.9972,0.9989,0.9998
1249308,1249308,0.0001,0.7776,0.9953,0.3601,0.9666
1249371,1249371,0.9982,0.8140,0.9978,0.9983,0.9997
1249395,1249395,0.9932,0.7242,0.9606,0.9999,1.0000
1249416,1249416,0.0013,0.3588,0.0000,0.0000,0.0000
1249483,1249483,0.9756,0.9738,1.0000,0.9999,1.0000
1249758,1249758,0.0001,0.6501,0.0000,0.0012,0.0000
1249851,1249851,0.9912,0.9197,1.0000,1.0000,1.0000
1249956,1249956,0.9969,0.8225,0.9996,0.9995,1.0000
1249970,1249970,0.9998,0.9950,0.9999,0.9998,1.0000
1250017,1250017,0.9999,0.9316,1.0000,1.0000,1.0000
1250034,1250034,0.9940,0.9843,1.0000,1.0000,1.0000
1250120,1250120,0.9682,0.9800,0.9995,0.9996,0.9985
1250275,1250275,0.9976,0.9625,1.0000,0.9998,1.0000
1250279,1250279,0.9812,0.9807,0.9996,0.9999,1.0000
1250357,1250357,0.9886,1.0000,0.9971,0.9999,1.0000
1250397,1250397,0.9988,1.0000,1.0000,0.9997,0.9993
1250435,1250435,0.9932,0.9833,0.9999,0.9997,0.9999
1250454,1250454,0.9915,0.9617,0.9999,0.9972,0.9996
1250532,1250532,0.9982,0.9013,0.9996,0.9997,0.9999
1250578,1250578,0.8777,0.5363,0.9451,0.6928,0.9855
1250665,1250665,0.9544,0.8665,0.9996,0.9966,0.9999
1250803,1250803,0.6657,0.9573,0.9992,0.9989,0.9838
1250823,1250823,0.1778,0.4225,0.9984,0.9982,0.3156
1250852,1250852,0.8624,0.9900,1.0000,0.9993,0.9997
1250858,1250858,0.8952,0.9758,0.9997,0.9993,0.9841
1250882,1250882,0.5088,0.9450,0.9393,0.9959,0.0001
1250896,1250896,0.9323,0.9777,0.9998,0.9990,0.6701
1250912,1250912,0.9855,0.9642,1.0000,0.9995,1.0000
1250916,1250916,0.9868,0.8533,1.0000,0.9994,1.0000
1250925,1250925,0.8695,0.8499,0.9996,0.9993,0.9999
1250950,1250950,0.3282,0.9943,0.9997,0.9990,1.0000
1250980,1250980,0.8873,0.9900,0.9838,0.9977,0.6235
1251022,1251022,0.9989,0.9900,0.9999,0.9987,0.9998
1251114,1251114,0.9856,1.0000,0.9997,0.9944,0.9997
1251126,1251126,0.9982,1.0000,1.0000,0.9998,1.0000
1251225,1251225,0.5138,0.2880,0.8598,0.7152,0.0253
1251390,1251390,0.8362,0.9950,0.9994,0.9998,0.9405
1251436,1251436,0.8840,0.8350,0.9800,0.9840,0.9210
1251536,1251536,0.9970,0.8790,0.9999,0.9996,1.0000
1251552,1251552,0.8866,0.8488,1.0000,0.9999,1.0000
1251600,1251600,0.9997,0.9850,1.0000,0.9998,1.0000
1251603,1251603,0.6227,0.8038,0.9998,0.9996,0.9999
1251618,1251618,0.9542,0.9712,0.9554,0.9975,0.9769
1251645,1251645,0.6417,0.9571,0.9949,0.9987,0.9033
1251652,1251652,0.7989,0.9847,1.0000,0.9988,0.9999
1251975,1251975,0.9885,0.9015,1.0000,0.9998,0.9996
1252142,1252142,0.9990,0.9850,0.9999,0.9991,1.0000
1252183,1252183,0.9793,0.9850,1.0000,0.9989,0.9996
1252199,1252199,0.9419,0.9250,0.9996,0.9989,0.9934
1252225,1252225,0.0003,0.9850,0.0000,0.0001,0.0000
1252237,1252237,0.7098,0.9208,0.0009,0.5034,0.0057
1252313,1252313,0.9993,0.9852,1.0000,0.9998,1.0000
1252364,1252364,0.9953,0.9550,1.0000,0.9995,1.0000
1252513,1252513,0.9987,0.9743,0.9999,0.9996,1.0000
1252521,1252521,0.9990,1.0000,1.0000,0.9999,1.0000
1252595,1252595,0.9790,0.7119,0.9991,0.9966,0.9523
1252620,1252620,0.8792,0.9665,0.9999,0.9991,0.9901
1252665,1252665,0.1512,0.9737,0.9999,0.9785,0.9999
1252671,1252671,0.9610,0.9717,0.9991,0.9996,0.8531
1252751,1252751,0.9985,0.9097,1.0000,0.9997,1.0000
1252810,1252810,0.8978,0.9299,0.9991,0.9995,0.9994
1252829,1252829,0.9590,0.9675,1.0000,0.9998,1.0000
1252917,1252917,0.9864,0.9900,1.0000,0.9994,0.9983
1252918,1252918,0.6083,0.9305,1.0000,0.9824,1.0000
1252926,1252926,0.5861,0.9781,0.9993,0.9995,0.9972
1252939,1252939,0.8542,0.9900,0.9999,0.9996,1.0000
1252970,1252970,0.9758,0.7356,0.9998,0.9993,0.9989
1253046,1253046,0.9999,0.9833,1.0000,0.9999,1.0000
1253101,1253101,0.9985,0.7539,1.0000,0.9999,1.0000
1253119,1253119,0.1861,0.6633,0.9983,0.9773,0.0747
1253131,1253131,0.9902,0.7264,0.9657,0.2238,0.4621
1253148,1253148,0.9998,0.8009,0.9998,0.9997,1.0000
1253180,1253180,0.9978,1.0000,1.0000,0.9996,1.0000
1253243,1253243,0.9296,0.9325,0.9999,0.9996,0.9918
1253324,1253324,0.0000,0.0877,0.0000,0.0000,0.0000
1253358,1253358,0.9539,0.9675,0.9997,0.9992,0.9992
1253406,1253406,0.1633,1.0000,0.9981,0.8575,0.9926
1253474,1253474,0.9966,0.9455,1.0000,0.9979,1.0000
1253475,1253475,0.9573,0.6166,0.9976,0.9674,0.5528
1253572,1253572,0.8379,0.3429,0.7714,0.9842,0.4450
1253816,1253816,0.6314,0.9767,0.9997,0.9981,0.5692
1253857,1253857,0.9371,0.9653,1.0000,0.9829,0.9998
1253871,1253871,0.3710,0.9545,0.8881,0.9447,0.4983
1253895,1253895,0.9742,0.8691,0.9979,0.9992,0.9586
1253920,1253920,0.9968,0.9742,1.0000,0.9999,1.0000
1253972,1253972,0.1206,0.9099,0.0079,0.0034,0.0000
1253997,1253997,0.9213,0.9800,1.0000,0.9986,1.0000
1254000,1254000,0.9992,0.9252,0.9994,0.9994,0.9988
1254002,1254002,0.9990,0.9463,0.9999,0.9981,0.9998
1254051,1254051,0.9605,0.9517,1.0000,0.9991,0.9998
1254070,1254070,0.9996,0.9180,1.0000,0.9997,1.0000
1254108,1254108,0.9885,0.9445,0.9998,0.9995,0.9999
1254150,1254150,0.9940,0.9967,0.9999,0.9979,0.9999
1254299,1254299,0.9999,0.8712,1.0000,0.9988,1.0000
1254356,1254356,0.9966,0.9680,1.0000,0.9999,1.0000
1254566,1254566,0.9692,0.9800,0.9735,0.9989,0.9745
1254670,1254670,0.9999,0.9687,1.0000,0.9999,1.0000
1254671,1254671,0.9986,0.9418,0.9999,0.9998,1.0000
1254762,1254762,0.9954,0.5037,0.9992,0.9846,0.9991
1254889,1254889,0.9873,1.0000,0.9998,0.9931,0.9963
1255008,1255008,0.9995,0.9425,0.9999,0.9999,1.0000
1255130,1255130,0.9998,0.4345,1.0000,0.9913,0.9999
1255139,1255139,0.1312,0.8177,0.9916,0.9977,0.9999
1255142,1255142,0.9996,0.8750,0.9271,0.9947,0.9589
1255169,1255169,0.9845,0.9035,0.9999,0.9971,1.0000
1255312,1255312,0.9989,1.0000,1.0000,1.0000,1.0000
1255382,1255382,0.9963,0.9933,0.9998,0.9995,0.9999
1255399,1255399,0.8075,0.6955,0.9999,0.9998,1.0000
1255412,1255412,0.9930,0.9867,0.9999,0.9998,1.0000
1255423,1255423,0.9868,0.9530,0.9921,0.9013,0.9919
1255470,1255470,0.9952,0.8932,1.0000,0.9996,1.0000
1255487,1255487,0.9949,0.8942,1.0000,0.9991,1.0000
1255523,1255523,0.9985,0.9880,0.9994,0.9986,0.9999
1255545,1255545,0.9967,0.9405,1.0000,0.9959,1.0000
1255576,1255576,0.9430,0.9838,1.0000,0.9998,1.0000
1255657,1255657,0.9641,0.9788,0.9997,0.9996,0.9988
1255730,1255730,0.9995,0.9170,0.9998,0.9966,0.9999
1255735,1255735,0.9997,0.9933,0.9999,0.9998,0.9999
1255737,1255737,0.9843,0.8361,0.9998,0.9986,0.9999
1255824,1255824,0.9824,0.9930,1.0000,0.9995,0.9999
1255974,1255974,0.0140,0.9023,0.9955,0.9707,0.9998
1256028,1256028,0.9194,0.9393,0.9999,0.9995,0.9955
1256332,1256332,0.9654,0.9503,0.9998,0.9986,1.0000
1256335,1256335,0.9984,0.9093,0.9998,0.9995,0.9998
1256426,1256426,0.0000,0.1432,0.0000,0.0000,0.0000
1256432,1256432,0.9996,0.9247,1.0000,0.9998,1.0000
1256505,1256505,0.9998,0.9780,1.0000,0.9999,1.0000
1256570,1256570,0.9645,1.0000,0.9996,0.9998,1.0000
1256596,1256596,0.9962,0.9900,0.9978,0.9601,1.0000
1256680,1256680,0.9908,0.9900,0.9998,0.9995,0.9999
1256701,1256701,0.8891,0.8609,0.9905,0.9966,0.8228
1256764,1256764,0.9952,0.9825,0.9987,0.9997,1.0000
1256765,1256765,0.0020,0.1282,0.0000,0.0011,0.0001
1256807,1256807,0.9998,0.9550,1.0000,0.9998,1.0000
1256817,1256817,0.9993,0.9258,0.9994,0.9995,0.9993
1256819,1256819,0.9955,0.9715,0.9999,0.9996,0.9997
1256823,1256823,0.9971,0.9479,1.0000,0.9997,1.0000
1256933,1256933,0.9960,0.9308,1.0000,0.9998,1.0000
1257016,1257016,0.9986,0.9900,1.0000,0.9998,1.0000
1257022,1257022,0.9998,0.9800,0.9997,0.9819,0.9991
1257040,1257040,0.9729,0.9950,1.0000,0.9999,0.9999
1257102,1257102,0.9995,0.9940,1.0000,0.9999,0.9999
1257112,1257112,0.0000,0.1693,0.0000,0.0000,0.0000
1257129,1257129,0.9895,0.7981,0.9998,0.9890,0.9204
1257144,1257144,0.9997,0.8387,0.9998,0.9971,0.9739
1257216,1257216,0.9926,0.9346,0.9998,0.9996,0.9995
1257228,1257228,0.0008,0.9128,0.0004,0.0004,0.0000
1257335,1257335,0.9997,0.8242,0.9996,0.9997,0.9999
1257356,1257356,0.9997,1.0000,1.0000,0.9999,1.0000
1257366,1257366,0.9988,0.9892,1.0000,1.0000,1.0000
1257419,1257419,0.9971,0.9700,1.0000,0.9999,1.0000
1257496,1257496,0.9758,0.7912,0.9996,0.9996,0.9918
1257533,1257533,0.9968,0.9829,0.9999,0.9998,1.0000
1257602,1257602,1.0000,1.0000,1.0000,0.9997,1.0000
1257605,1257605,0.0723,0.9583,0.9991,0.9989,0.9999
1257609,1257609,0.2430,0.3228,0.9921,0.9695,0.9938
1257646,1257646,0.9498,0.9698,0.9994,0.9987,0.9640
1257695,1257695,0.9992,0.9078,1.0000,0.9999,1.0000
1257775,1257775,0.9708,0.8031,0.9374,0.1486,0.5934
1257839,1257839,0.9778,0.8613,0.9991,0.9997,0.9981
1257905,1257905,0.9934,0.9795,0.9985,0.9994,0.9999
1257934,1257934,0.9998,1.0000,1.0000,0.9999,1.0000
1258061,1258061,0.9929,0.9318,0.9992,0.9998,0.9999
1258090,1258090,0.9987,0.8945,1.0000,0.9999,1.0000
1258118,1258118,0.9964,0.9980,0.9994,0.9995,0.9995
1258191,1258191,0.9975,0.6518,0.9956,0.8331,0.2690
1258249,1258249,0.9959,0.9646,0.9991,0.9976,0.9908
1258289,1258289,0.9768,0.7145,0.9997,0.9998,0.9999
1258309,1258309,0.9991,0.4491,1.0000,0.9998,1.0000
1258330,1258330,0.9973,0.9514,0.9986,0.9999,0.9999
1258422,1258422,0.9885,0.9587,0.9999,0.9993,1.0000
1258433,1258433,0.9995,0.9673,1.0000,0.9997,0.9999
1258500,1258500,0.1205,0.6483,0.3729,0.9988,0.9705
1258529,1258529,0.9838,0.9750,0.9999,0.9993,0.9990
1258591,1258591,0.2433,0.9400,0.9444,0.9886,0.1320
1258802,1258802,0.9994,0.9456,1.0000,0.9998,1.0000
1258906,1258906,1.0000,0.9900,1.0000,1.0000,1.0000
1258940,1258940,0.9998,0.9508,1.0000,0.9999,1.0000
1259006,1259006,0.9979,0.8732,1.0000,0.9987,0.9999
1259246,1259246,0.9856,0.9646,0.9999,0.9998,1.0000
1259330,1259330,0.9878,0.8547,0.9992,0.9975,0.9935
1259352,1259352,0.9961,0.9967,0.9996,0.9993,0.9999
1259412,1259412,0.0002,1.0000,0.9997,0.9944,0.8924
1259500,1259500,0.9984,1.0000,0.9989,0.9994,0.9989
1259511,1259511,0.9999,1.0000,1.0000,0.9998,1.0000
1259538,1259538,0.9999,0.9900,1.0000,0.9999,1.0000
1259561,1259561,0.9999,0.8511,1.0000,0.9997,1.0000
1259585,1259585,0.9968,0.8585,0.9999,0.9972,0.9982
1259615,1259615,0.1272,0.9700,0.6134,0.9963,0.9489
1259667,1259667,0.9903,0.9933,0.9996,0.9994,0.9999
1259771,1259771,1.0000,0.9765,1.0000,0.9986,0.9999
1260000,1260000,0.9990,0.9157,0.9999,0.9999,1.0000
1260030,1260030,0.9984,0.9658,1.0000,0.9999,1.0000
1260050,1260050,0.9985,0.9794,1.0000,1.0000,1.0000
1260058,1260058,0.2667,0.9761,0.9993,0.8909,0.3507
1260105,1260105,0.9999,0.5962,0.9999,0.9986,0.9999
1260107,1260107,0.9864,0.8880,0.9989,0.9990,0.9911
1260113,1260113,0.9909,0.4488,0.9181,0.0411,0.5000
1260159,1260159,0.9157,0.9075,0.9934,0.9996,0.9980
1260241,1260241,0.9758,1.0000,0.9999,0.9993,0.9999
1260427,1260427,0.9967,0.9800,0.9999,0.9809,0.9998
1260459,1260459,0.8269,0.9975,0.9999,0.9992,0.9897
1260461,1260461,0.8892,0.9560,1.0000,0.9988,0.9999
1260463,1260463,0.9250,0.9156,0.9994,0.9969,0.9949
1260522,1260522,0.9927,0.9765,0.9999,0.9985,0.9994
1260551,1260551,0.9975,0.9625,0.9996,0.9946,0.9999
1260556,1260556,0.9986,0.9804,1.0000,0.9995,1.0000
1260568,1260568,0.9868,0.8936,0.9984,0.9998,0.9995
1260605,1260605,0.9998,0.9342,1.0000,0.9990,1.0000
1260639,1260639,0.9702,0.8390,0.9983,0.9995,0.9785
1260645,1260645,0.9955,1.0000,0.9979,0.9977,0.9997
1260889,1260889,0.9998,0.8284,0.9999,0.9999,1.0000
1260949,1260949,0.9970,0.9820,1.0000,1.0000,1.0000
1260954,1260954,0.9835,0.7872,0.9999,0.9997,0.9995
1261144,1261144,0.9585,0.9600,0.9968,0.9992,0.9586
1261163,1261163,0.6515,0.6522,0.9984,0.7875,0.9475
1261173,1261173,0.9993,0.8727,0.9998,0.9955,0.9997
1261191,1261191,0.8437,0.8484,0.8922,0.9768,0.8223
1261193,1261193,0.9998,0.9900,1.0000,1.0000,1.0000
1261233,1261233,0.9996,0.9875,1.0000,0.9995,1.0000
1261236,1261236,0.7290,0.9446,0.9999,0.9983,0.9675
1261259,1261259,0.9999,1.0000,1.0000,0.9990,0.9999
1261456,1261456,0.9970,0.8341,1.0000,0.9998,1.0000
1261503,1261503,0.7034,1.0000,1.0000,0.9997,1.0000
1261579,1261579,0.9986,1.0000,1.0000,0.9998,1.0000
1261587,1261587,0.9850,1.0000,0.9997,0.9034,0.9951
1261784,1261784,0.9952,0.3029,0.9999,0.9998,0.9998
1261963,1261963,0.9862,0.5388,0.9999,0.9991,1.0000
1262016,1262016,0.9998,1.0000,1.0000,0.9998,1.0000
1262055,1262055,0.9991,0.9691,1.0000,0.9998,1.0000
1262084,1262084,0.9995,0.9900,1.0000,0.9999,1.0000
1262128,1262128,0.9934,0.8730,0.6026,0.5416,0.1156
1262131,1262131,0.9991,0.9775,1.0000,0.9999,1.0000
1262135,1262135,0.9999,1.0000,1.0000,1.0000,1.0000
1262163,1262163,0.0109,0.1083,0.0093,0.1013,0.0101
1262181,1262181,0.9774,0.3678,0.9558,0.9920,0.4315
1262232,1262232,0.0010,0.8257,0.0000,0.0073,0.0051
1262252,1262252,1.0000,0.9262,1.0000,0.9999,1.0000
1262267,1262267,0.9791,0.8377,0.9946,0.9998,0.9949
1262550,1262550,1.0000,0.9825,1.0000,1.0000,1.0000
1262573,1262573,0.9850,0.8487,0.9999,0.9999,0.9998
1262588,1262588,0.9932,0.7728,0.9326,0.7341,0.1316
1262726,1262726,0.9997,0.9590,0.9999,0.9992,0.9999
1262736,1262736,0.9999,0.9577,0.9998,0.9998,1.0000
1262746,1262746,0.9997,1.0000,0.9999,0.9996,1.0000
1262803,1262803,0.9919,0.9732,0.9999,0.9994,0.9994
1262895,1262895,0.2101,0.5716,0.9806,0.9991,0.0675
1262899,1262899,0.0000,0.5088,0.0000,0.0024,0.0000
1263039,1263039,0.9990,0.9583,0.9993,0.9975,0.9997
1263062,1263062,0.9997,0.9611,1.0000,0.9998,1.0000
1263090,1263090,0.9988,0.7350,1.0000,0.9976,0.9996
1263125,1263125,0.6381,0.9345,0.9925,0.9562,0.4145
1263130,1263130,0.9936,0.9758,0.9999,0.9993,0.9865
1263139,1263139,0.9750,0.9316,0.9814,0.9919,0.9999
1263197,1263197,0.5854,0.9550,0.0545,0.9947,0.9999
1263244,1263244,0.9996,0.4042,0.9997,0.9997,0.9997
1263369,1263369,0.9996,0.9925,1.0000,1.0000,1.0000
1263580,1263580,0.9992,0.9707,0.9999,0.9996,1.0000
1263715,1263715,1.0000,0.9967,1.0000,1.0000,1.0000
1263785,1263785,0.5023,0.6608,0.9886,0.9682,0.9498
1263788,1263788,0.8226,0.9213,0.9999,0.9951,0.9997
1263829,1263829,0.9986,0.4939,0.9997,0.9998,1.0000
1263852,1263852,0.9636,0.9464,0.9961,0.9842,0.9736
1263856,1263856,0.9974,0.9162,0.9998,0.9981,0.9999
1263930,1263930,0.9998,0.6495,0.9998,0.9996,0.9974
1263936,1263936,0.9878,0.6094,0.9990,0.9880,0.9974
1264038,1264038,0.9822,1.0000,1.0000,0.9977,0.8819
1264039,1264039,0.9959,0.9900,0.9998,0.9994,0.9993
1264049,1264049,0.5765,0.8570,0.9748,0.9826,0.9997
1264068,1264068,0.9997,0.9919,1.0000,1.0000,1.0000
1264077,1264077,0.9968,0.7763,0.9432,0.9437,0.9934
1264106,1264106,0.9732,0.9900,0.0141,0.8358,0.0019
1264375,1264375,0.9998,0.9207,0.9996,0.9991,0.9999
1264434,1264434,0.9860,1.0000,1.0000,0.9996,1.0000
1264499,1264499,0.9954,0.9264,0.9999,0.9997,1.0000
1264512,1264512,0.9997,0.9840,1.0000,0.9997,1.0000
1264606,1264606,0.9772,1.0000,1.0000,0.9972,0.9992
1264631,1264631,0.9996,1.0000,1.0000,0.9997,1.0000
1264689,1264689,0.9847,0.9720,0.9998,0.9910,0.9999
1264948,1264948,0.9990,0.9085,1.0000,0.9999,1.0000
1264963,1264963,0.9977,0.7466,0.9992,0.9990,0.9991
1265011,1265011,0.9995,0.7062,0.9999,0.9986,1.0000
1265040,1265040,0.9249,0.5361,0.9857,0.9678,0.9884
1265089,1265089,0.9984,0.4950,0.9996,0.9783,0.9759
1265134,1265134,0.9992,0.9542,0.9997,0.9997,0.9979
1265136,1265136,0.9916,0.5252,0.9999,0.9414,0.9963
1265165,1265165,0.0088,0.5948,0.9187,0.9723,0.9997
1265169,1265169,0.9921,0.9544,0.9988,0.9969,0.9995
1265231,1265231,0.9900,1.0000,0.9984,0.9847,0.9964
1265260,1265260,0.9566,0.5683,0.9870,0.9964,0.6240
1265281,1265281,0.9776,0.8397,0.9989,0.9955,0.9984
1265349,1265349,0.9949,0.9683,1.0000,0.9976,1.0000
1265426,1265426,0.9906,0.9570,1.0000,0.9999,1.0000
1265623,1265623,0.9952,0.9525,0.9978,0.9971,0.9980
1265832,1265832,0.9976,0.5207,0.9996,0.9976,0.9990
1265990,1265990,0.9958,0.9357,0.9993,0.9984,0.9977
1266015,1266015,0.9962,0.7537,0.9999,0.9995,0.9999
1266255,1266255,0.0111,0.7375,0.8220,0.8616,0.9534
1266634,1266634,0.9986,0.6903,0.9999,0.9904,0.9999
1266808,1266808,0.0001,0.0217,0.0032,0.0030,0.0001
1266830,1266830,0.9895,0.8752,0.9982,0.9869,0.9946
1267094,1267094,0.9301,0.9617,0.9829,0.9964,0.9988
1271436,1271436,0.9348,0.9850,0.9998,0.9499,0.9997
1273127,1273127,0.9710,0.6599,0.9999,0.9996,0.9999
1275873,1275873,0.9186,0.9315,0.9693,0.9997,0.8367
1275946,1275946,0.9965,0.4387,1.0000,1.0000,1.0000
1276546,1276546,0.9980,0.9933,0.9992,0.9999,0.9999
1277173,1277173,0.2953,0.6749,0.9836,0.9206,0.6305
1277710,1277710,0.7328,0.9825,0.9821,0.9976,0.9977
1277715,1277715,0.8654,0.9880,0.9998,0.9997,1.0000
1277716,1277716,0.9732,1.0000,0.9986,0.9994,0.9980
1277945,1277945,0.9757,0.9553,0.9982,0.9996,0.9993
1277995,1277995,0.6909,0.9308,0.9992,0.9995,0.9916
1278493,1278493,0.9918,0.9445,0.9998,0.9998,1.0000
1278602,1278602,0.9963,0.6962,0.9924,0.9987,0.9994
1278747,1278747,0.0962,0.4962,0.8009,0.9935,0.1715
1279420,1279420,0.9985,0.7834,0.9999,0.9999,1.0000
1279488,1279488,0.9525,0.8655,0.9990,0.9883,0.9904
1279500,1279500,0.9941,0.9351,0.9994,0.9998,1.0000
1279501,1279501,0.9964,0.9443,0.9996,0.9987,0.9967
1279714,1279714,0.9929,0.9767,0.9946,0.9982,0.9983
1280135,1280135,0.9967,0.9800,0.9997,0.9984,0.9999
1280240,1280240,0.8700,0.8906,0.9999,0.9993,0.9988
1280332,1280332,0.9709,0.7603,0.8243,0.9774,0.2842
1280762,1280762,0.9455,0.9900,0.9648,0.8891,0.9958
1280780,1280780,0.9854,0.9800,0.9992,0.9994,0.9982
1280790,1280790,0.9579,0.9765,0.9905,0.9995,0.8828
1280792,1280792,0.9403,0.8963,0.9644,0.9993,0.9149
1280807,1280807,0.8328,0.9900,0.9990,0.9981,0.9862
1281119,1281119,0.2221,0.5503,0.9752,0.9775,0.9705
1281135,1281135,0.9973,0.0100,0.9999,0.9973,0.9832
1281668,1281668,0.9993,0.9825,1.0000,1.0000,1.0000
1281691,1281691,0.9833,0.8892,0.9986,0.9984,0.9905
1281879,1281879,0.9924,0.8096,0.9999,0.9998,0.9999
1281886,1281886,0.9838,0.8436,1.0000,0.9999,1.0000
1282018,1282018,0.4276,0.9268,0.9999,0.9990,0.9864
1282114,1282114,0.9962,0.9331,0.9999,0.9990,0.9999
1282463,1282463,0.9145,0.9550,0.9992,0.9994,0.9675
1282736,1282736,0.9365,0.9263,0.9990,0.9995,0.9999
1282966,1282966,0.5619,0.9642,0.9987,0.9859,0.9998
1283272,1283272,0.9735,0.8197,0.9973,0.9990,0.9930
1283373,1283373,0.9995,0.9950,1.0000,0.9999,1.0000
1283855,1283855,0.9940,0.4910,0.9961,0.9927,0.9999
1283878,1283878,0.9916,0.9835,0.9999,0.9987,1.0000
1283923,1283923,0.0000,0.8964,0.9684,0.9999,0.9999
1283924,1283924,0.0001,0.9645,0.0000,0.1069,0.0000
1283936,1283936,0.9072,0.8320,0.9995,0.9979,0.9994
1284567,1284567,0.9706,0.9438,0.9988,0.9960,0.9960
1284601,1284601,0.9811,0.9870,1.0000,0.9999,1.0000
1285317,1285317,0.9989,0.9370,0.9999,0.9992,0.9999
1285539,1285539,0.9881,0.8500,0.9958,0.9946,0.9860
1286337,1286337,0.9516,0.9376,0.9994,0.9992,0.9999
1286881,1286881,0.9998,0.9530,1.0000,0.9993,1.0000
1287437,1287437,0.9983,0.3927,0.9999,0.9993,0.9991
1287883,1287883,0.9906,0.9590,0.9998,0.9981,1.0000
1288083,1288083,0.9998,0.4859,1.0000,0.9994,0.9999
1289288,1289288,0.9583,0.9403,1.0000,0.9999,1.0000
1289306,1289306,0.9663,0.9230,0.9981,0.9990,0.9951
1289366,1289366,0.7541,0.2336,0.0173,0.3349,0.0139
1289470,1289470,0.8405,0.9348,0.9995,0.9989,0.9999
1289555,1289555,0.9629,0.9320,0.9999,0.9983,0.9999
1289600,1289600,0.9746,0.8982,0.9996,0.9994,1.0000
1289664,1289664,0.9706,0.9242,1.0000,1.0000,1.0000
1289714,1289714,0.9951,0.7357,0.9995,0.9992,0.9999
1289812,1289812,0.7141,0.9308,0.9997,0.9966,0.9968
1289913,1289913,0.9909,0.9644,0.9982,0.9997,0.9999
1289982,1289982,0.0001,0.4825,0.0000,0.0000,0.0000
1290007,1290007,0.9226,0.9975,0.9638,0.9968,0.9995
1290043,1290043,0.9907,0.9980,1.0000,0.9991,1.0000
1290176,1290176,0.8808,1.0000,0.9993,0.9979,0.9783
1290191,1290191,0.9864,0.9117,0.9927,0.9988,0.9974
1290323,1290323,0.4614,0.9736,0.8383,0.9922,0.9777
1290394,1290394,0.9760,0.9505,0.9973,0.9993,0.9997
1290593,1290593,0.4781,1.0000,0.8759,0.9525,0.9425
1290816,1290816,0.9161,0.7716,1.0000,0.9999,1.0000
1290948,1290948,0.9981,0.8067,0.9988,0.9998,0.9999
1290967,1290967,0.9299,0.3183,0.9996,0.9981,0.9985
1290995,1290995,0.9624,0.9693,0.9999,0.9999,0.9974
1291090,1291090,0.9994,0.9760,1.0000,1.0000,1.0000
1291143,1291143,0.9095,0.9278,0.9982,0.9996,0.9990
1291149,1291149,0.0006,0.1407,0.0067,0.3254,0.0378
1291155,1291155,0.9991,0.7637,0.9983,0.9997,1.0000
1291159,1291159,0.9974,0.9467,0.9924,0.9991,0.9998
1291242,1291242,0.9885,0.9422,0.9998,0.9996,1.0000
1291254,1291254,0.9978,0.8252,0.9999,0.9997,1.0000
1291346,1291346,0.9943,0.9850,0.9995,0.9999,1.0000
1291408,1291408,0.9463,0.5810,0.9999,0.9998,1.0000
1291511,1291511,0.9710,0.9747,0.9998,0.9974,0.9998
1291580,1291580,0.0000,0.0667,0.0000,0.0000,0.0000
1291733,1291733,0.5974,0.9750,0.0173,0.6264,0.0700
1291783,1291783,0.9991,0.7890,1.0000,0.9999,1.0000
1291788,1291788,0.9922,0.6549,0.9998,0.9995,1.0000
1291794,1291794,0.9993,0.9548,1.0000,0.9999,1.0000
1291957,1291957,0.9964,1.0000,1.0000,1.0000,1.0000
1292033,1292033,0.8040,0.9900,0.9996,0.9997,1.0000
1292040,1292040,0.0001,0.8332,0.0000,0.0000,0.0000
1292145,1292145,0.9989,0.6950,0.9997,0.9994,0.9999
1292227,1292227,0.9983,0.9900,0.9666,0.9991,0.9997
1292332,1292332,0.9573,0.9423,1.0000,0.9999,1.0000
1292336,1292336,0.9949,0.9618,1.0000,0.9998,1.0000
1292560,1292560,0.9988,0.8708,1.0000,0.9999,1.0000
1292767,1292767,0.9442,0.9755,0.9999,0.9992,0.9995
1292823,1292823,0.9866,1.0000,0.9998,0.9991,1.0000
1292997,1292997,0.9922,0.7168,0.9981,0.9631,0.9742
1293006,1293006,0.9996,0.7578,0.9998,0.9997,0.9999
1293028,1293028,0.3560,0.9793,0.0394,0.0016,0.0126
1293046,1293046,0.9642,0.8501,0.9980,0.9986,0.9988
1293275,1293275,0.0072,0.6365,0.0001,0.0056,0.0002
1293319,1293319,0.9950,0.5456,1.0000,1.0000,1.0000
1293366,1293366,0.9964,0.8904,1.0000,0.9999,1.0000
1293465,1293465,0.9331,0.8566,0.9783,0.9857,0.9481
1293758,1293758,0.9817,0.9296,1.0000,0.9999,1.0000
1293783,1293783,0.2900,0.9950,0.9999,0.9998,1.0000
1293789,1293789,0.3701,0.9825,0.9999,0.9993,1.0000
1293832,1293832,0.9098,0.9077,0.9969,0.9835,0.9907
1293921,1293921,0.9316,1.0000,0.9961,0.9923,0.9999
1294137,1294137,0.9998,0.8003,0.9997,0.9997,1.0000
1294340,1294340,0.8770,0.9942,1.0000,0.9999,1.0000
1294341,1294341,0.8738,0.9742,0.9992,0.9998,0.9997
1294351,1294351,0.9991,0.9860,1.0000,1.0000,1.0000
1294667,1294667,0.8681,0.9601,0.7741,0.9998,0.9605
1294743,1294743,0.8073,0.6195,0.9999,0.9999,0.9986
1294806,1294806,0.9976,0.9722,0.9999,0.9999,1.0000
1294948,1294948,0.0012,0.8406,0.0000,0.6373,0.0004
1294971,1294971,0.9894,0.9537,0.9972,0.9988,0.9997
1295024,1295024,0.9052,0.7878,0.9999,0.9993,0.9998
1295027,1295027,0.9915,0.9583,0.9996,0.9998,0.9994
1295079,1295079,0.9014,0.3844,0.9774,0.9975,0.8980
1295249,1295249,0.9947,0.9880,0.9996,0.9998,0.9998
1295285,1295285,0.9936,1.0000,0.9998,0.9930,1.0000
1295291,1295291,0.8401,0.9607,0.9921,0.9974,0.8656
1295315,1295315,0.9180,1.0000,1.0000,0.9997,1.0000
1295436,1295436,0.0084,0.7585,0.0008,0.0139,0.0001
1295509,1295509,0.9373,0.9947,0.9995,0.9994,0.9846
1295527,1295527,0.5152,0.9873,0.9999,0.9981,0.9942
1295550,1295550,0.9740,0.8954,0.9922,0.9994,0.9989
1295592,1295592,0.3154,1.0000,0.9999,0.9998,1.0000
1295685,1295685,0.9420,0.7842,0.9890,0.6709,0.9877
1295794,1295794,0.2602,0.8120,0.9588,0.9982,0.1663
1295800,1295800,0.7878,0.9483,0.9925,0.9975,0.9812
1296161,1296161,0.9414,0.9317,0.9994,0.9993,0.3245
1296173,1296173,0.0101,0.8933,0.8189,0.9937,0.3247
1296321,1296321,0.9986,0.9925,1.0000,1.0000,1.0000
1296657,1296657,0.9970,0.9675,1.0000,0.9999,1.0000
1296671,1296671,0.9972,1.0000,0.9990,0.9992,0.9990
1296793,1296793,0.8541,0.9574,0.9993,0.9994,0.9993
1296802,1296802,0.8686,0.9261,0.8753,0.9998,0.9505
1296919,1296919,0.9797,1.0000,0.9978,0.9998,0.9991
1296963,1296963,0.9991,0.8785,1.0000,0.9950,0.9998
1297026,1297026,0.9988,0.9938,1.0000,0.9999,1.0000
1297061,1297061,0.9885,0.9325,0.9902,0.9977,0.9956
1297063,1297063,0.9999,0.9675,0.9999,0.9988,0.9967
1297064,1297064,0.9458,0.9553,0.9711,0.9944,0.9368
1297070,1297070,0.9529,0.9800,1.0000,0.9997,1.0000
1297157,1297157,1.0000,0.7571,1.0000,0.9998,1.0000
1297318,1297318,0.9817,0.7336,0.9999,0.9996,0.9999
1297353,1297353,0.9706,0.9307,0.9998,0.9998,0.9996
1297365,1297365,0.0000,0.2775,0.0000,0.0000,0.0000
1297377,1297377,0.4561,0.9596,0.9999,0.9998,0.9995
1297465,1297465,0.9996,0.9900,1.0000,0.9997,1.0000
1297490,1297490,0.1972,0.9720,0.9999,0.9996,0.9999
1297501,1297501,0.7691,0.9415,0.9787,0.9989,1.0000
1297532,1297532,0.6985,0.9854,0.9999,0.9986,0.7581
1297580,1297580,0.9927,0.9415,0.9999,0.9997,1.0000
1297742,1297742,0.9821,0.9366,1.0000,0.9994,1.0000
1297927,1297927,0.9993,1.0000,1.0000,0.9999,1.0000
1298079,1298079,0.9981,0.9227,1.0000,0.9999,0.9997
1298246,1298246,0.9673,0.8247,0.8275,0.9754,0.7245
1298266,1298266,0.9801,0.7993,0.9995,0.9998,0.9997
1298369,1298369,0.4962,0.0197,0.9999,0.9996,0.9991
1298763,1298763,0.9889,0.8051,0.9238,0.9944,0.7558
1298893,1298893,0.9996,0.9128,0.9963,0.1421,0.9998
1299033,1299033,0.9860,0.8297,0.9998,0.9994,0.9999
1299090,1299090,0.4445,0.9525,0.9038,0.9980,0.8777
1299190,1299190,0.9896,0.9900,0.9484,0.9971,0.9993
1299258,1299258,0.9894,0.9777,0.9997,0.9962,1.0000
1299266,1299266,0.8339,1.0000,0.9976,0.9976,0.0622
1299327,1299327,0.8971,0.9609,0.9799,0.9984,0.1832
1299439,1299439,0.9993,0.9792,1.0000,0.9997,1.0000
1299503,1299503,0.0033,0.0342,0.0003,0.0001,0.0054
1299643,1299643,0.9778,1.0000,1.0000,0.9999,1.0000
1299712,1299712,0.9643,0.8325,0.9999,0.9994,0.9998
1299746,1299746,0.9602,0.7589,0.9974,0.9991,0.9854
1299758,1299758,0.9926,0.9006,1.0000,0.9999,0.9997
1299775,1299775,0.8709,0.6723,0.9998,0.9995,1.0000
1299785,1299785,0.9968,0.8918,1.0000,0.9998,1.0000
1300025,1300025,0.9936,0.8524,0.9999,0.9999,1.0000
1300084,1300084,0.9890,0.9254,0.9995,0.9982,0.9992
1300160,1300160,0.9382,0.7264,0.9997,0.9997,1.0000
1300179,1300179,0.9952,0.9940,1.0000,0.9999,1.0000
1300390,1300390,0.9991,0.9533,1.0000,1.0000,1.0000
1300441,1300441,0.9999,0.9833,1.0000,0.9999,1.0000
1300470,1300470,0.9929,0.8465,0.9986,0.9953,0.9992
1300516,1300516,0.9884,0.9310,1.0000,0.9999,1.0000
1300517,1300517,0.9684,0.9237,1.0000,0.9999,1.0000
1300531,1300531,0.9998,0.9455,0.9999,0.9998,0.9999
1300590,1300590,0.9650,0.9917,0.9999,0.9994,0.9994
1300703,1300703,0.8984,0.9403,0.9999,0.9996,1.0000
1300777,1300777,0.9603,0.9925,0.9999,0.9988,0.9991
1300912,1300912,0.7930,0.9900,1.0000,0.9998,1.0000
1301142,1301142,0.9691,0.9445,0.9976,0.9995,0.9999
1301332,1301332,0.9982,0.9252,0.9999,0.9998,1.0000
1301397,1301397,0.9844,0.9421,0.9998,0.9997,0.9996
1301915,1301915,0.7563,0.9587,0.9986,0.9995,0.9999
1301933,1301933,0.9996,0.9800,0.9999,0.9999,1.0000
1301936,1301936,0.9974,0.9650,1.0000,0.9999,1.0000
1301963,1301963,0.9807,0.9708,1.0000,1.0000,1.0000
1302027,1302027,0.9255,0.9988,0.9992,0.9994,0.9885
1302055,1302055,0.9446,0.9293,0.9998,0.9988,0.9997
1302073,1302073,0.9799,0.9155,0.9938,0.9982,0.9547
1302110,1302110,0.9140,0.7972,0.9184,0.9915,0.9203
1302117,1302117,0.9968,0.8395,0.9999,0.9984,0.9999
1302123,1302123,0.9938,0.9660,0.9989,0.9988,0.9999
1302185,1302185,0.8817,0.9900,0.9985,0.9969,0.9963
1302187,1302187,0.9978,0.9967,0.9999,0.9997,1.0000
1302188,1302188,0.0042,0.5612,0.0000,0.0111,0.9866
1302199,1302199,0.8297,0.7880,0.9843,0.9972,0.9800
1302346,1302346,0.9992,0.9000,0.9999,0.9991,0.9972
1302353,1302353,0.9999,0.9281,1.0000,0.9999,1.0000
1302359,1302359,0.9968,0.8958,0.9993,0.9983,1.0000
1302399,1302399,0.0160,0.5069,0.1465,0.9910,0.0000
1302418,1302418,0.9984,0.9880,0.9998,0.9999,1.0000
1302523,1302523,0.9406,1.0000,0.9958,0.9994,1.0000
1302550,1302550,0.9621,0.9721,0.9974,0.4096,0.9987
1302564,1302564,0.9869,0.9850,1.0000,0.9999,1.0000
1302572,1302572,0.9961,0.9362,0.9950,0.9997,1.0000
1302635,1302635,0.0034,0.6024,0.0000,0.0003,0.0001
1302648,1302648,0.9779,0.8246,1.0000,0.9999,1.0000
1302675,1302675,0.0008,0.9623,0.5844,0.0074,0.0007
1302705,1302705,0.9709,0.9633,0.9287,0.9987,0.9975
1302719,1302719,0.9920,0.9504,0.9956,0.9910,0.9971
1302738,1302738,0.9966,0.9430,0.9999,0.9994,1.0000
1302901,1302901,0.5042,0.9378,0.9920,0.9989,0.9694
1302915,1302915,0.9267,1.0000,0.9998,0.9994,0.8251
1303118,1303118,0.9997,0.9011,1.0000,0.9926,0.9999
1303140,1303140,0.9996,0.9950,0.9999,0.9998,1.0000
1303197,1303197,0.9958,0.9817,0.9998,0.9992,0.9999
1303215,1303215,0.9713,0.2412,0.9847,0.9939,0.9998
1303257,1303257,0.9341,0.9862,0.9986,0.9989,0.9985
1303314,1303314,0.9707,0.7589,0.9990,0.9990,0.8344
1303317,1303317,0.9974,0.8856,0.9996,0.9995,0.9856
1303466,1303466,0.9748,0.9425,0.9998,0.9992,0.9997
1303496,1303496,1.0000,0.9538,1.0000,0.9999,1.0000
1303658,1303658,0.9997,0.9335,1.0000,0.9998,1.0000
1303663,1303663,0.9713,0.9900,0.9976,0.9832,0.8634
1303699,1303699,0.8347,0.9980,0.9446,0.9931,0.9995
1303722,1303722,0.9866,0.9173,0.9995,0.9982,0.9996
1303753,1303753,0.9998,0.9581,0.9998,0.9977,0.9998
1303881,1303881,0.9700,0.9800,0.9999,0.9914,0.9995
1303883,1303883,0.9998,1.0000,1.0000,0.9999,1.0000
1303910,1303910,0.9304,0.9831,0.8875,0.9900,0.7197
1303952,1303952,0.9994,0.6362,0.9999,0.9986,1.0000
1304183,1304183,0.9956,1.0000,1.0000,0.9997,1.0000
1304193,1304193,0.9281,0.9128,1.0000,0.9994,0.9984
1304362,1304362,0.9796,1.0000,1.0000,0.9990,0.9995
1304442,1304442,0.9994,0.2000,0.9868,0.9158,0.9974
1304456,1304456,0.9944,0.9895,1.0000,0.9999,0.9994
1304501,1304501,0.9896,0.9650,0.9876,0.9986,0.9944
1304503,1304503,0.9997,0.9887,0.9997,0.9995,1.0000
1304506,1304506,0.9846,0.9883,0.9999,0.9994,1.0000
1304652,1304652,0.9996,1.0000,0.9999,0.9983,1.0000
1304678,1304678,0.9983,0.9452,1.0000,0.9999,1.0000
1304777,1304777,0.9978,0.9686,1.0000,1.0000,1.0000
1304779,1304779,0.9999,0.9222,1.0000,0.9999,1.0000
1304841,1304841,0.9933,0.9812,0.9998,0.9992,0.9994
1304991,1304991,0.9767,0.9675,0.9992,0.9991,0.9916
1305051,1305051,0.9994,0.9917,1.0000,0.9999,1.0000
1305219,1305219,0.9914,0.9669,0.9968,0.9982,0.9990
1305276,1305276,0.5974,0.8014,0.0060,0.9986,0.6253
1305308,1305308,0.9909,0.9657,0.9999,0.9995,0.9999
1305350,1305350,0.9953,0.5532,0.9979,0.9976,0.9986
1305409,1305409,0.9978,0.9767,0.9998,0.9993,0.9997
1305486,1305486,0.9766,0.8778,0.9998,0.9994,0.9993
1305504,1305504,1.0000,0.9407,1.0000,0.9999,1.0000
1305541,1305541,0.9749,0.9200,0.9987,0.9994,0.9885
1305626,1305626,0.9999,0.9986,1.0000,1.0000,1.0000
1305687,1305687,0.9910,0.9005,0.9986,0.9988,0.9881
1305756,1305756,0.0059,0.5699,0.0001,0.0637,0.0060
1305785,1305785,0.9985,0.9631,0.9998,0.9950,0.4477
1305807,1305807,0.9418,0.9013,0.9913,0.9947,0.9278
1305835,1305835,0.7488,0.6513,0.9665,0.8995,0.7702
1305873,1305873,0.0465,0.9665,0.0007,0.9056,0.9972
1305946,1305946,0.9872,0.9571,0.9997,0.9996,0.9988
1306059,1306059,0.9871,0.9267,0.9998,0.9994,0.9984
1306067,1306067,0.9992,0.8632,1.0000,0.9995,1.0000
1306073,1306073,0.9973,1.0000,0.9999,0.9999,1.0000
1306110,1306110,0.9987,0.9900,1.0000,0.9997,1.0000
1306141,1306141,0.9996,1.0000,1.0000,1.0000,1.0000
1306360,1306360,0.9989,0.9540,0.9999,0.9997,1.0000
1306366,1306366,0.9974,0.5727,0.9957,0.9994,0.9998
1306378,1306378,0.9775,0.2736,0.9998,0.9752,0.9975
1306390,1306390,0.9934,0.6923,0.9970,0.8814,0.9954
1306423,1306423,0.0013,0.9453,0.9790,0.9657,0.8816
1306578,1306578,0.6887,0.9983,0.9998,0.9998,0.9886
1306626,1306626,0.9270,0.9900,0.9999,0.9999,1.0000
1306736,1306736,0.9897,0.9300,0.9963,0.9993,0.9989
1306980,1306980,0.9959,0.9625,0.9994,0.9996,0.9998
1306986,1306986,0.9826,0.6953,0.9856,0.9970,0.9926
1306991,1306991,0.9940,0.9333,1.0000,0.9999,1.0000
1307261,1307261,0.9773,1.0000,0.9998,0.9932,0.9899
1307277,1307277,0.7634,0.7163,0.9988,0.9996,1.0000
1307748,1307748,0.9977,0.9583,1.0000,0.9988,1.0000
1307783,1307783,0.9713,0.9788,0.9918,0.9316,0.9849
1307830,1307830,0.7179,0.9988,0.9974,0.9996,1.0000
1307843,1307843,0.9773,0.8733,0.9974,0.9976,0.9742
1308314,1308314,0.9994,1.0000,1.0000,0.9998,1.0000
1308326,1308326,1.0000,0.9900,1.0000,1.0000,1.0000
1308357,1308357,0.9815,0.6345,1.0000,1.0000,0.9999
1308453,1308453,0.9424,0.9519,0.9686,0.9828,0.9973
1308529,1308529,0.9621,0.9660,0.9975,0.8204,0.9870
1308568,1308568,0.9138,0.9472,0.9973,0.9988,0.9751
1308582,1308582,0.1813,1.0000,0.9993,0.9998,0.9999
1308589,1308589,0.6687,0.9812,0.1644,0.9911,0.0376
1308916,1308916,0.9988,0.9587,0.9998,0.9992,0.9933
1309013,1309013,0.9758,0.6707,1.0000,0.9996,1.0000
1309051,1309051,0.9473,0.9232,0.9907,0.9972,0.9166
1309215,1309215,0.2589,0.8831,0.9131,0.9990,0.9977
1309227,1309227,0.8972,0.9557,0.9761,0.9986,0.9380
1309288,1309288,0.9982,0.9597,1.0000,0.9981,0.9992
1309293,1309293,0.9992,0.9971,1.0000,0.9999,1.0000
1309323,1309323,0.9983,0.9398,0.9557,0.9998,0.6634
1309330,1309330,0.8768,0.2269,0.0120,0.0110,0.0349
1309376,1309376,0.9972,0.8468,0.9999,0.9980,0.9999
1309492,1309492,0.9997,1.0000,1.0000,0.9997,1.0000
1309509,1309509,0.8215,0.9873,0.9795,0.9950,0.8549
1309551,1309551,0.9698,0.9567,0.9868,0.9979,0.9991
1309694,1309694,0.9855,0.7940,0.9991,0.9988,0.9945
1309696,1309696,0.9990,0.9729,1.0000,0.9989,0.9983
1309870,1309870,0.7939,0.9792,0.9953,0.9991,0.9985
1309874,1309874,0.9735,0.9953,0.9974,0.9995,0.9998
1309982,1309982,0.9500,0.7711,0.9969,0.9984,0.8406
1310073,1310073,0.9989,0.9400,0.9999,0.9997,0.9999
1310182,1310182,0.9998,0.9900,1.0000,1.0000,1.0000
1310236,1310236,0.9728,0.8675,0.9982,0.9994,0.9994
1310294,1310294,0.9955,0.9700,0.9996,0.9997,0.9989
1310303,1310303,0.9998,0.9741,0.9999,0.9998,1.0000
1310304,1310304,0.9977,0.9533,1.0000,0.9998,1.0000
1310367,1310367,0.9998,0.8689,1.0000,1.0000,1.0000
1310396,1310396,0.9999,0.8389,1.0000,1.0000,1.0000
1310432,1310432,0.9997,0.9805,1.0000,1.0000,1.0000
1310475,1310475,0.9719,0.9967,0.9997,0.9989,0.9994
1310485,1310485,0.9995,0.9292,1.0000,1.0000,1.0000
1310916,1310916,0.8970,0.9925,0.9998,0.9995,0.9998
1310963,1310963,0.0000,0.4729,0.0000,0.0042,0.0000
1310964,1310964,0.9977,0.9957,0.9999,0.9988,1.0000
1311001,1311001,0.9560,0.9429,0.9999,0.9976,1.0000
1311113,1311113,0.9994,1.0000,1.0000,0.9997,1.0000
1311151,1311151,0.9960,0.9267,0.9999,0.9987,0.9995
1311247,1311247,0.9842,0.3358,0.4789,0.9999,0.9987
1311394,1311394,0.3958,0.7603,0.0004,0.8354,0.0261
1311496,1311496,0.9928,1.0000,0.9998,0.9991,0.9993
1311590,1311590,0.9999,0.9633,1.0000,0.9999,1.0000
1311631,1311631,0.9995,0.9304,0.9999,0.9995,0.9995
1311632,1311632,0.9968,0.9244,1.0000,0.9999,1.0000
1311755,1311755,0.9993,0.9900,1.0000,0.9998,0.9999
1311884,1311884,0.9967,1.0000,0.9988,0.9997,0.9999
1311903,1311903,0.9527,0.9800,0.9970,0.9985,0.0525
1311921,1311921,0.8674,0.8154,0.9996,0.9986,0.9996
1312164,1312164,0.9989,0.4989,0.9995,0.9986,1.0000
1312171,1312171,0.9993,0.9292,0.9992,0.9988,0.9997
1312213,1312213,0.9892,0.8363,0.9992,0.9951,0.9861
1312274,1312274,0.9989,0.9243,0.9999,0.9998,0.9999
1312818,1312818,0.9954,0.9600,0.9999,0.9995,1.0000
1312821,1312821,0.9958,0.8953,0.9999,0.9991,0.9999
1312897,1312897,0.9958,0.6749,0.9998,0.9997,1.0000
1313026,1313026,0.9928,0.9235,0.9989,0.9990,1.0000
1313057,1313057,0.9459,0.5866,0.9999,0.9994,0.9999
1313177,1313177,0.9413,0.9900,0.9789,0.9971,0.8936
1313230,1313230,1.0000,1.0000,1.0000,0.9999,1.0000
1313434,1313434,0.9997,0.9933,1.0000,0.9985,0.9999
1313572,1313572,0.9993,0.9270,1.0000,0.9992,1.0000
1313594,1313594,1.0000,1.0000,1.0000,1.0000,1.0000
1313698,1313698,0.9998,0.9690,0.9997,1.0000,1.0000
1314047,1314047,0.9999,0.9567,1.0000,0.9999,1.0000
1314067,1314067,0.9984,1.0000,1.0000,0.9999,1.0000
1314071,1314071,0.9614,1.0000,0.9893,0.9998,1.0000
1314162,1314162,0.9993,0.9790,0.9999,0.9998,0.9998
1314296,1314296,0.9996,1.0000,0.9998,0.9995,0.9999
1314317,1314317,0.5501,0.9212,0.9998,0.9989,0.9997
1314554,1314554,0.8905,0.9388,0.9999,0.9998,1.0000
1314581,1314581,0.9969,0.9073,0.9976,0.9945,0.9971
1314709,1314709,0.9933,0.9986,0.9998,0.9997,0.9963
1314847,1314847,0.9983,0.9480,0.9998,0.9997,1.0000
1314897,1314897,0.9866,1.0000,0.9994,0.9870,0.9997
1315191,1315191,0.9987,0.8897,1.0000,0.9986,1.0000
1315192,1315192,0.9983,0.8836,1.0000,1.0000,1.0000
1315197,1315197,0.9999,0.9800,1.0000,1.0000,1.0000
1315259,1315259,0.9923,0.9867,1.0000,1.0000,1.0000
1315296,1315296,0.8197,0.5273,0.9831,0.9995,0.9876
1315570,1315570,0.9972,1.0000,1.0000,0.9981,1.0000
1315795,1315795,0.9372,0.8656,0.9931,0.9981,0.3036
1315806,1315806,0.9958,0.1887,0.9999,0.9985,0.9998
1315818,1315818,0.9975,0.9833,0.9999,0.9998,0.9998
1315832,1315832,0.9420,0.9009,0.9727,0.9782,0.8872
1315890,1315890,0.9429,0.9003,0.9966,0.9905,0.9499
1315910,1315910,0.9922,0.6872,0.9998,0.9984,0.9882
1315947,1315947,0.6987,0.9717,0.9999,0.9990,1.0000
1315950,1315950,0.9932,0.9888,1.0000,0.9999,1.0000
1315974,1315974,0.9270,0.9920,0.9994,0.9991,0.9973
1316385,1316385,0.9999,0.9838,1.0000,0.9989,1.0000
1316461,1316461,0.9995,0.9500,1.0000,0.9996,0.9991
1316465,1316465,0.9962,1.0000,1.0000,0.9996,1.0000
1316487,1316487,0.9593,0.9840,0.9999,0.9993,0.9997
1316626,1316626,0.9957,0.9980,1.0000,0.9985,1.0000
1316701,1316701,0.8870,0.9342,0.9972,0.9998,0.9999
1316831,1316831,0.9983,0.9933,1.0000,0.9999,1.0000
1316853,1316853,0.9811,0.9900,0.9974,0.7056,0.9907
1316989,1316989,0.9998,0.8540,0.9998,0.9996,0.9999
1317164,1317164,0.0570,0.6171,0.9999,0.9998,1.0000
1317277,1317277,0.9827,0.9412,1.0000,0.9999,1.0000
1317372,1317372,0.9986,0.8387,1.0000,0.9992,1.0000
1317496,1317496,0.9983,0.8882,1.0000,0.9991,1.0000
1317526,1317526,0.9934,1.0000,0.9999,0.9998,0.9961
1317612,1317612,0.9993,0.9193,0.9999,0.9908,0.9960
1317666,1317666,0.9998,0.9505,0.9996,0.9996,1.0000
1317724,1317724,0.9996,0.9578,1.0000,0.9997,1.0000
1317783,1317783,0.9979,0.8425,1.0000,1.0000,1.0000
1317956,1317956,0.9960,0.8803,0.9970,0.9996,0.8699
1318052,1318052,0.9764,0.8418,0.9863,0.9990,0.9901
1318126,1318126,0.9995,0.9131,1.0000,1.0000,1.0000
1318158,1318158,0.9871,0.9688,0.9827,0.9969,0.9770
1318235,1318235,0.9859,0.9900,0.2606,0.9412,0.9993
1318266,1318266,0.9990,0.8623,1.0000,1.0000,1.0000
1318304,1318304,0.9850,0.3317,0.9998,0.9991,0.9997
1318460,1318460,0.9803,1.0000,1.0000,0.9999,1.0000
1318659,1318659,0.0000,0.5889,0.0026,0.1653,0.0003
1318661,1318661,0.1822,0.9181,0.0022,0.9999,0.1180
1318689,1318689,1.0000,0.9900,1.0000,0.9999,1.0000
1318847,1318847,0.9999,0.8645,1.0000,0.9997,1.0000
1319058,1319058,0.7694,0.9458,0.9983,0.9401,0.9997
1319066,1319066,0.9794,0.9812,0.9994,0.9978,1.0000
1319366,1319366,0.9994,0.8425,1.0000,0.9998,1.0000
1319539,1319539,0.9886,0.9850,0.9999,0.9998,1.0000
1319653,1319653,0.9948,0.9787,1.0000,0.9996,1.0000
1319667,1319667,0.9664,0.9700,0.9850,0.9974,0.4777
1319711,1319711,1.0000,0.9556,1.0000,0.9999,0.9999
1319776,1319776,0.6433,0.9486,0.9372,0.9955,0.7753
1319821,1319821,0.9997,0.9900,1.0000,0.9999,1.0000
1319840,1319840,0.9999,0.9800,1.0000,0.9999,1.0000
1319870,1319870,0.0000,0.0573,0.0016,0.0011,0.0000
1319898,1319898,0.9528,0.9910,1.0000,0.9990,1.0000
1319926,1319926,0.9975,0.9750,0.9975,0.9998,0.9969
1320009,1320009,0.9801,0.9983,1.0000,0.9994,1.0000
1320030,1320030,0.8789,0.9798,0.6882,0.9687,0.9993
1320126,1320126,0.9924,0.7763,0.9986,0.9989,0.9937
1320278,1320278,0.9919,0.8732,0.9992,0.9987,0.9999
1320367,1320367,0.0061,0.6959,0.0696,0.0655,0.0000
1320447,1320447,0.9997,0.5434,1.0000,0.9945,1.0000
1320474,1320474,0.9988,0.9219,0.9999,0.9979,1.0000
1320501,1320501,0.9977,0.7491,1.0000,0.9999,1.0000
1320704,1320704,0.9959,0.9386,1.0000,0.9999,1.0000
1320762,1320762,0.9976,0.8976,0.9999,0.9998,0.9999
1320843,1320843,0.9641,0.9525,0.9992,0.9958,0.9990
1321006,1321006,1.0000,0.9689,1.0000,1.0000,1.0000
1321116,1321116,0.9945,0.9736,1.0000,0.9986,1.0000
1321166,1321166,0.9985,0.9833,1.0000,0.9999,1.0000
1321261,1321261,0.9798,0.9081,0.9995,0.9964,0.9936
1321276,1321276,0.9862,0.9900,0.9993,0.9996,0.9996
1321338,1321338,1.0000,0.9950,1.0000,1.0000,1.0000
1321365,1321365,0.0000,0.5427,0.0000,0.0005,0.0000
1321450,1321450,0.9991,0.9498,1.0000,1.0000,1.0000
1321492,1321492,0.9991,0.8832,0.9996,0.9992,0.9999
1321522,1321522,0.0005,0.6524,0.0000,0.0007,0.0000
1321973,1321973,0.9839,0.7404,0.9993,0.9925,0.9996
1322229,1322229,0.9993,0.9517,0.9980,0.9976,0.9980
1322819,1322819,0.9960,0.9900,1.0000,0.9987,1.0000
1322912,1322912,0.9952,0.9727,0.9995,0.9985,0.9990
1322954,1322954,0.9854,0.8674,0.9942,0.9927,0.9718
1322975,1322975,0.9860,0.8697,0.9999,0.9996,1.0000
1323016,1323016,0.9942,0.8892,0.9999,0.9989,1.0000
1323106,1323106,0.9993,0.6511,1.0000,0.9993,1.0000
1323349,1323349,0.9974,0.9656,0.9993,0.9996,0.9988
1323600,1323600,0.9938,0.9900,1.0000,1.0000,1.0000
1323740,1323740,0.6911,0.9666,0.9998,0.9972,0.9990
1323777,1323777,0.0002,0.9733,0.0000,0.0007,0.0000
1323831,1323831,0.0013,0.7372,0.0000,0.0172,0.0000
1324062,1324062,0.0002,0.6168,0.0000,0.0001,0.0000
1324509,1324509,0.9999,0.9533,1.0000,0.9999,1.0000
1324536,1324536,0.9925,0.9142,0.9916,0.9889,0.9826
1324542,1324542,0.9946,0.9943,0.9948,0.9359,0.9984
1324544,1324544,0.9955,0.7825,0.9500,0.9708,0.8502
1324562,1324562,0.9907,1.0000,0.9999,0.9998,1.0000
1324582,1324582,0.9991,0.8690,1.0000,0.9999,1.0000
1324685,1324685,0.9996,0.9900,1.0000,0.9982,1.0000
1324790,1324790,0.9975,0.9419,1.0000,0.9998,1.0000
1325191,1325191,0.9247,0.9589,0.9998,0.9974,0.9999
1326273,1326273,0.0068,0.9775,0.0000,0.0001,0.0000
1326299,1326299,0.9998,0.5129,1.0000,0.9686,1.0000
1326367,1326367,0.9989,0.8638,0.9949,0.9982,0.9985
1327978,1327978,0.9957,0.9729,1.0000,0.9998,1.0000
1328016,1328016,0.9903,0.9658,0.9993,0.9997,1.0000
1328089,1328089,0.1206,0.9547,0.9993,0.9976,0.9998
1328103,1328103,0.9904,0.9249,0.9945,0.9984,0.9988
1328105,1328105,0.9997,1.0000,1.0000,0.9999,1.0000
1329168,1329168,0.9930,0.9191,1.0000,0.9997,1.0000
1329312,1329312,0.6911,0.9988,0.9998,0.9999,0.9999
1329365,1329365,0.9409,0.9575,0.9998,0.9996,0.9999
1329615,1329615,0.9916,0.9049,0.9999,0.9997,0.9999
1329622,1329622,0.9905,0.8788,0.9965,0.9991,0.9977
1329795,1329795,0.0091,0.8050,0.9996,0.9966,0.9950
1330031,1330031,0.9972,0.8708,1.0000,0.9997,1.0000
1330339,1330339,0.7291,0.9817,0.9971,0.9983,0.9971
1330350,1330350,0.9762,0.9736,0.9999,0.9996,0.9999
1330403,1330403,0.9950,1.0000,1.0000,0.9990,1.0000
1330530,1330530,0.9968,0.8010,0.9993,0.9913,0.9999
1330533,1330533,0.9818,0.9812,1.0000,1.0000,1.0000
1330559,1330559,0.9955,0.1806,0.9998,0.9978,0.9997
1330642,1330642,0.9959,0.9900,1.0000,0.7826,1.0000
1330817,1330817,0.9993,0.9978,1.0000,0.9999,1.0000
1330828,1330828,0.3630,0.9386,0.9999,0.9977,1.0000
1330903,1330903,0.9975,0.9525,1.0000,0.9991,1.0000
1330964,1330964,0.9981,0.9600,0.9984,0.9994,0.9972
1330995,1330995,0.9569,0.9820,0.9926,0.9954,0.9940
1331123,1331123,0.9999,0.9800,1.0000,1.0000,0.9999
1331130,1331130,0.9990,0.4122,0.9994,0.9967,0.9985
1331344,1331344,0.9978,0.8661,1.0000,0.9990,1.0000
1331513,1331513,0.7013,0.9337,0.9977,0.9995,0.9997
1331660,1331660,0.9983,0.7812,0.9999,0.9984,0.9998
1331700,1331700,0.9951,0.2476,0.2064,0.6389,0.9372
1331707,1331707,0.9971,0.9617,0.9830,0.9461,0.9992
1331719,1331719,0.8665,0.9943,0.9939,0.9991,0.9997
1331836,1331836,0.9962,1.0000,1.0000,0.9998,1.0000
1331883,1331883,0.9992,0.9944,0.9999,0.9985,1.0000
1331887,1331887,0.9730,0.9633,0.9999,0.9992,0.9959
1331925,1331925,0.9992,0.8770,0.9995,0.9889,0.9927
1331976,1331976,0.0004,0.9607,0.0007,0.5599,0.0001
1331993,1331993,0.9972,0.9667,0.9994,0.8469,0.9999
1332008,1332008,0.9955,0.9502,0.9946,0.9968,0.9706
1332392,1332392,0.9089,0.9430,0.7622,0.9462,0.9967
1332614,1332614,0.9978,0.9842,0.9998,0.9985,0.9999
1332632,1332632,0.8521,0.9717,0.9990,0.9993,0.9965
1332689,1332689,0.9989,0.8696,1.0000,0.9997,1.0000
1332701,1332701,0.9994,0.6443,1.0000,0.9936,0.9996
1332709,1332709,0.9991,0.9438,1.0000,0.9993,0.9999
1332721,1332721,0.9985,0.8190,0.9999,0.9995,0.9999
1332747,1332747,0.6640,0.3111,0.9999,0.9124,0.9999
1332795,1332795,0.9937,0.9667,0.9994,0.9997,0.9995
1332819,1332819,0.9093,1.0000,1.0000,0.9997,1.0000
1333246,1333246,0.9891,0.4307,1.0000,0.9993,0.9971
1333248,1333248,0.9868,0.9232,0.9995,0.9954,0.9999
1333291,1333291,0.9995,1.0000,0.9999,0.9997,0.9997
1333442,1333442,0.8901,0.9680,0.9996,0.9992,0.9991
1333489,1333489,0.9982,0.9682,0.9999,0.9995,1.0000
1333576,1333576,0.9710,0.8623,0.9640,0.7250,0.9874
1333949,1333949,0.9978,0.9438,1.0000,0.9798,0.9997
1334084,1334084,0.9547,0.9219,1.0000,0.9979,1.0000
1334087,1334087,0.8352,0.9743,0.9999,0.9995,1.0000
1334253,1334253,0.9994,0.9171,0.9999,0.9855,1.0000
1334257,1334257,0.9991,0.9720,1.0000,0.9992,1.0000
1334265,1334265,0.9981,0.9610,1.0000,0.9997,1.0000
1334302,1334302,0.9995,0.9700,0.9997,0.9999,0.9998
1334321,1334321,0.9866,1.0000,0.9999,0.9986,0.9589
1334423,1334423,0.9980,0.9975,1.0000,0.9997,1.0000
1334448,1334448,0.9703,0.9179,1.0000,0.9984,1.0000
1334581,1334581,0.7195,1.0000,0.9817,0.9984,0.8751
1334597,1334597,0.9997,1.0000,0.9999,0.9997,1.0000
1334614,1334614,0.0102,0.4344,0.0028,0.8066,0.0000
1334620,1334620,0.9863,0.7928,1.0000,0.9995,1.0000
1334644,1334644,0.9996,0.9920,1.0000,1.0000,1.0000
1334645,1334645,0.9959,0.9867,1.0000,1.0000,1.0000
1334647,1334647,0.9893,0.8239,0.9998,0.9924,0.9998
1334654,1334654,0.7342,0.1960,0.0149,0.0020,0.0078
1334686,1334686,0.9479,0.9558,0.9999,0.9998,0.9998
1334707,1334707,0.9861,0.9840,1.0000,0.9996,1.0000
1334742,1334742,0.9990,0.8844,0.9998,0.9991,0.9998
1334858,1334858,0.9289,0.8717,0.9817,0.8080,0.9877
1335259,1335259,0.9842,0.9700,0.9999,0.9993,0.9999
1335305,1335305,0.9991,1.0000,1.0000,0.9996,1.0000
1335323,1335323,0.3067,0.7230,0.4383,0.5823,0.9826
1335387,1335387,0.9938,0.9607,0.9996,0.9914,0.9999
1335432,1335432,0.9915,0.9767,1.0000,0.9999,1.0000
1335472,1335472,0.9999,1.0000,1.0000,0.9999,1.0000
1335564,1335564,0.9973,0.9333,0.9999,0.9989,0.9998
1335585,1335585,0.8574,0.9385,0.9942,0.9989,0.9719
1335671,1335671,0.9999,0.9917,1.0000,0.9999,1.0000
1335675,1335675,0.9994,0.8003,1.0000,0.9998,1.0000
1335717,1335717,0.9971,1.0000,1.0000,0.9999,1.0000
1335756,1335756,0.9955,0.8698,0.9999,0.9997,0.9998
1335818,1335818,0.8624,0.9675,0.9999,0.9995,0.6746
1335854,1335854,0.9822,0.8585,0.9939,0.9985,0.9994
1335885,1335885,0.9971,0.6414,1.0000,0.9995,0.9999
1336002,1336002,0.0607,0.9758,0.0001,0.9434,0.8894
1336008,1336008,0.9991,0.9900,1.0000,1.0000,1.0000
1336009,1336009,0.9982,0.7759,1.0000,0.9991,1.0000
1336150,1336150,0.9871,0.8675,0.9992,0.9861,0.9997
1336244,1336244,0.9979,0.6640,0.9975,0.9809,0.7062
1336359,1336359,0.9970,0.8082,0.9991,0.9951,0.9997
1336384,1336384,0.9977,0.9298,0.9921,0.9990,0.9989
1336453,1336453,1.0000,0.9383,1.0000,0.9999,1.0000
1336454,1336454,0.0023,0.4683,0.1241,0.5367,0.0049
1336464,1336464,0.9970,0.6938,1.0000,0.9997,1.0000
1336480,1336480,0.9997,0.9743,1.0000,1.0000,1.0000
1336558,1336558,0.9675,0.9018,0.9998,0.9991,0.9982
1336599,1336599,0.4938,0.8185,0.8094,0.9995,0.0011
1336662,1336662,0.9999,0.8069,1.0000,1.0000,1.0000
1336687,1336687,0.9982,0.9751,1.0000,1.0000,1.0000
1336693,1336693,0.9907,0.9733,1.0000,0.9985,1.0000
1336925,1336925,0.9165,0.9692,0.7567,0.9961,0.6888
1336942,1336942,0.8635,0.7734,0.9998,0.9993,0.9999
1336953,1336953,0.9647,0.9225,0.9875,0.9996,0.9964
1336957,1336957,0.9889,0.8137,1.0000,0.9997,0.9910
1336975,1336975,0.4806,0.9096,1.0000,0.9989,1.0000
1337228,1337228,0.9974,0.8946,0.9997,0.9987,0.9998
1337267,1337267,0.9955,0.8300,0.9987,0.9989,0.9995
1337272,1337272,0.9997,0.9578,1.0000,0.9999,1.0000
1337311,1337311,0.9982,0.9700,1.0000,0.9999,1.0000
1337321,1337321,0.9987,0.7506,1.0000,0.9982,1.0000
1337541,1337541,0.7322,0.9202,0.9973,0.9763,0.0349
1337549,1337549,0.9972,0.9540,0.9999,0.9994,0.9981
1337649,1337649,0.9980,0.9980,1.0000,0.9999,1.0000
1337687,1337687,0.9995,0.9773,1.0000,1.0000,1.0000
1337703,1337703,0.9997,0.9353,1.0000,0.9999,1.0000
1337838,1337838,0.9997,0.9900,1.0000,1.0000,1.0000
1337971,1337971,0.9834,0.9087,0.9989,0.9945,0.9994
1338128,1338128,0.9998,1.0000,1.0000,1.0000,1.0000
1338170,1338170,0.9899,0.9229,0.9993,0.9997,1.0000
1338223,1338223,0.9942,0.9740,0.9996,0.9910,0.9999
1338233,1338233,0.9952,0.8980,0.9996,0.9994,1.0000
1338266,1338266,0.9826,1.0000,0.9965,0.9995,1.0000
1338278,1338278,0.9964,0.9256,1.0000,0.9999,1.0000
1338288,1338288,0.0003,0.4076,0.0000,0.1030,0.0000
1338324,1338324,0.9057,0.7888,0.9911,0.9872,0.9375
1338430,1338430,0.9905,0.9935,1.0000,0.9998,1.0000
1338471,1338471,0.9950,0.9383,0.9997,0.9998,1.0000
1338485,1338485,0.9594,0.9611,0.9998,0.9962,0.9995
1338649,1338649,0.9931,0.9003,0.9986,0.9986,0.9880
1338665,1338665,0.4283,0.8920,0.9998,0.9994,0.9962
1338675,1338675,0.9993,1.0000,1.0000,0.9996,1.0000
1338718,1338718,0.9954,0.9938,0.9998,0.9938,0.9975
1338749,1338749,0.8737,0.9414,1.0000,0.9993,0.9983
1338762,1338762,0.9991,0.8137,1.0000,1.0000,1.0000
1338849,1338849,0.9937,0.9693,0.9960,0.9986,0.9999
1338940,1338940,0.9298,0.7465,0.9986,0.9992,0.9928
1338959,1338959,0.9224,0.6819,1.0000,0.9999,1.0000
1339002,1339002,0.9986,0.8734,1.0000,0.9998,1.0000
1339102,1339102,0.9955,1.0000,1.0000,0.9991,0.9999
1339149,1339149,0.9995,0.9856,1.0000,0.9999,1.0000
1339176,1339176,0.9972,0.8304,0.9998,0.9993,0.9962
1339217,1339217,0.9754,0.2985,0.9999,0.9981,1.0000
1339220,1339220,0.9992,0.9975,1.0000,0.9997,1.0000
1339227,1339227,0.9969,0.9761,1.0000,0.9996,0.9946
1339232,1339232,0.8576,0.9708,1.0000,0.9977,0.9999
1339246,1339246,0.9237,0.9007,0.9962,0.9990,0.9922
1339276,1339276,0.5875,0.9683,0.9999,0.9778,0.9971
1339291,1339291,0.9978,0.8839,0.9869,0.9929,0.9967
1339327,1339327,0.9945,0.8428,1.0000,0.9874,0.9999
1339371,1339371,0.9730,0.9900,0.9996,0.9963,0.9984
1339392,1339392,0.9998,0.9867,1.0000,1.0000,1.0000
1339402,1339402,0.0024,0.0339,0.0001,0.0008,0.0001
1339425,1339425,0.9986,0.8752,0.9040,0.9701,0.9927
1339609,1339609,0.1571,0.9783,0.9894,0.0877,0.8731
1339702,1339702,0.9997,0.7737,1.0000,1.0000,0.9999
1339703,1339703,0.9980,0.8384,1.0000,0.9697,0.9997
1339716,1339716,0.9988,0.3998,0.9999,0.9940,1.0000
1339730,1339730,0.0007,0.9201,0.0000,0.0008,0.0000
1339756,1339756,1.0000,0.9064,1.0000,0.9999,1.0000
1339875,1339875,0.9806,0.9670,1.0000,0.9999,1.0000
1339909,1339909,0.9828,0.8587,0.9987,0.9955,0.9990
1340125,1340125,0.9960,0.8017,0.9967,0.9960,0.9978
1340132,1340132,0.9280,0.9240,0.9935,0.9850,0.9868
1340141,1340141,0.9989,0.9830,0.9999,0.9992,0.9999
1340253,1340253,0.9998,0.5829,0.9998,0.9953,1.0000
1340460,1340460,0.9587,0.9350,0.9995,0.9995,0.9995
1340470,1340470,0.9993,0.9687,1.0000,0.9976,1.0000
1340493,1340493,0.9973,0.5975,1.0000,0.9990,1.0000
1340521,1340521,0.9998,0.9860,1.0000,0.9997,1.0000
1340539,1340539,0.9968,0.9800,1.0000,0.9999,1.0000
1340700,1340700,0.9977,0.8873,0.9999,0.9998,0.9999
1340706,1340706,0.9999,0.9900,0.9999,0.9999,1.0000
1340751,1340751,0.0123,0.9560,0.6537,0.0000,0.0000
1340954,1340954,0.0099,0.9900,0.5101,0.9998,1.0000
1341000,1341000,0.6191,0.8235,0.0030,0.8393,0.6727
1341227,1341227,0.9892,0.7193,1.0000,0.9994,0.9977
1341271,1341271,0.9357,0.9218,1.0000,0.9997,0.9987
1341370,1341370,0.9997,0.6900,1.0000,0.9999,1.0000
1341423,1341423,0.9998,0.8965,0.9999,0.9992,1.0000
1341426,1341426,0.9994,0.8236,0.9999,0.9979,0.9995
1341459,1341459,0.9946,0.9786,0.9999,0.9998,0.9999
1341502,1341502,0.9904,0.9190,0.9971,0.9996,0.9999
1341556,1341556,0.9947,0.9483,0.9969,0.9988,0.9996
1341743,1341743,0.9835,1.0000,1.0000,0.9987,0.9998
1341823,1341823,0.8992,0.7018,0.9996,0.9984,0.5736
1341857,1341857,0.9950,0.9680,1.0000,0.9991,1.0000
1341894,1341894,1.0000,0.9710,0.9999,0.9999,1.0000
1342255,1342255,1.0000,0.6456,1.0000,0.9998,1.0000
1342580,1342580,0.7894,0.9900,0.9999,0.9739,0.9954
1342647,1342647,0.9971,0.8799,0.9999,0.9996,1.0000
1342707,1342707,0.7120,0.9847,0.9677,0.9849,0.5429
1342778,1342778,0.0005,0.8199,0.0004,0.0009,0.0000
1342810,1342810,0.9956,0.2428,0.9969,0.8921,0.9995
1342906,1342906,0.9996,0.9840,1.0000,1.0000,1.0000
1343208,1343208,0.9993,1.0000,1.0000,0.9989,0.9999
1343337,1343337,0.3071,0.7696,0.0010,0.1407,0.9115
1343401,1343401,0.9946,0.3920,1.0000,0.9998,0.9999
1343533,1343533,0.8870,0.9025,0.9906,0.7215,0.9991
1343542,1343542,0.9879,0.9833,0.9997,0.9956,0.9997
1343759,1343759,0.9990,0.9900,1.0000,0.9780,0.9998
1343871,1343871,0.9998,0.7384,0.9992,0.9971,0.9999
1344303,1344303,0.9988,0.4790,0.9987,0.9558,0.9901
1344347,1344347,1.0000,0.3413,1.0000,0.9996,1.0000
1344355,1344355,0.9999,0.6197,1.0000,0.9999,0.9999
1344598,1344598,0.9967,0.5146,0.9998,0.9947,0.9998
1344639,1344639,0.6973,0.9450,0.9998,0.9988,1.0000
1345441,1345441,0.9794,0.9762,1.0000,0.9960,0.8343
1345458,1345458,0.9982,0.9940,1.0000,0.9937,0.9999
1345553,1345553,0.9997,0.6449,1.0000,0.9986,1.0000
1346137,1346137,0.9749,0.9597,0.9993,0.9992,0.9999
1346139,1346139,0.9982,0.5783,0.9966,0.9976,0.9998
1346149,1346149,0.9978,0.9516,1.0000,0.9992,1.0000
1346627,1346627,0.9989,0.9555,1.0000,0.9933,1.0000
1346628,1346628,0.9989,0.9448,1.0000,0.9983,0.9998
1346758,1346758,0.9999,0.8600,1.0000,0.9988,0.9997
1346956,1346956,0.9961,0.6058,0.9996,0.9818,0.9996
1346966,1346966,0.9998,0.9838,1.0000,0.9984,1.0000
1347112,1347112,0.9915,0.9780,0.9999,0.9970,0.8735
1347766,1347766,0.9822,0.7660,0.7029,0.1281,0.9642
1366175,1366175,0.8981,0.7908,0.9997,0.9995,0.9984
1366187,1366187,0.9926,0.9523,0.9960,0.9982,0.9999
1366195,1366195,0.9897,0.9960,0.9986,0.9987,0.9999
1366280,1366280,0.7957,0.8979,0.9985,0.9964,0.9808
1366436,1366436,0.9977,0.9967,1.0000,0.9999,1.0000
1366475,1366475,0.9421,1.0000,0.9994,0.9999,0.9999
1366482,1366482,0.9980,1.0000,1.0000,0.9998,1.0000
1366690,1366690,0.9927,0.9688,1.0000,0.9999,1.0000
1367180,1367180,0.9896,0.9971,0.7662,0.9513,0.9112
1367234,1367234,0.9942,0.9084,0.9999,0.9999,1.0000
1367331,1367331,0.9884,1.0000,0.9924,0.9976,0.9496
1367408,1367408,0.9991,0.8441,0.9997,0.9992,1.0000
1367556,1367556,0.9958,1.0000,1.0000,0.9999,1.0000
1367571,1367571,0.9983,0.9477,0.9994,0.9998,0.9913
1368111,1368111,0.9357,0.9113,0.9942,0.9998,1.0000
1368131,1368131,0.9821,0.9750,0.9999,0.9998,1.0000
1368133,1368133,0.9935,0.8503,0.9999,0.9998,1.0000
1368143,1368143,0.9808,1.0000,0.9990,0.9993,0.9977
1368188,1368188,0.9862,0.9725,0.9999,0.9999,1.0000
1368482,1368482,0.9974,0.8713,0.9954,0.9993,1.0000
1368530,1368530,0.9038,0.9700,0.9999,0.9998,0.9998
1370113,1370113,0.9948,0.9391,0.9995,0.9993,0.9995
1370135,1370135,0.9962,0.9411,0.9996,0.9970,0.9998
1370181,1370181,0.5653,0.9767,0.9947,0.9831,0.9384
1370247,1370247,0.9992,0.8975,1.0000,0.9994,0.9999
1370308,1370308,0.9768,1.0000,0.9988,0.9980,0.9972
1370320,1370320,0.9999,1.0000,0.9995,0.9993,0.9659
1370391,1370391,0.9809,0.9848,0.9979,0.9966,0.9987
1370402,1370402,0.9023,1.0000,0.9998,0.9998,0.9989
1370441,1370441,0.7704,0.9780,0.9997,0.9985,0.9454
1370806,1370806,0.9980,0.8809,0.9978,0.9988,0.9999
1370898,1370898,0.9740,0.9033,0.9990,0.9946,0.9951
1370906,1370906,0.9915,0.2754,0.9941,0.9976,0.9959
1370944,1370944,0.9977,0.9802,0.9996,0.9997,0.9998
1371022,1371022,0.9801,0.9800,0.9999,1.0000,1.0000
1371046,1371046,0.9632,0.6491,0.9995,0.9988,1.0000
1371048,1371048,0.7793,0.9750,0.9997,0.9997,0.9999
1371111,1371111,0.9697,0.8049,0.9969,0.9974,0.9897
1371126,1371126,0.9843,0.9147,0.9997,0.9995,0.9995
1371206,1371206,0.9492,0.9032,0.0002,0.9995,0.3963
1372115,1372115,0.9818,0.9870,0.9999,0.9990,0.9985
1373028,1373028,0.9350,0.7044,0.9999,0.9997,1.0000
1373040,1373040,0.9965,1.0000,1.0000,0.9999,1.0000
1373042,1373042,0.9871,0.9594,0.9999,0.9999,1.0000
1373123,1373123,0.9897,0.9739,0.9999,0.9984,0.9999
1375087,1375087,0.2347,1.0000,0.9838,0.9972,0.9995
1376168,1376168,0.9678,0.3842,0.9965,0.3250,0.1051
1377086,1377086,0.0000,0.9114,0.0000,0.0000,0.0000
1380034,1380034,0.0028,0.9883,0.0000,0.0000,0.0000
1380167,1380167,0.8751,0.9900,0.9995,0.9992,1.0000
1385052,1385052,0.9946,0.9845,1.0000,0.9996,0.9999
1385187,1385187,0.9995,0.7185,0.9830,0.9987,0.9584
1386047,1386047,0.9729,0.9975,1.0000,0.9999,1.0000
1387101,1387101,0.9984,1.0000,1.0000,0.9994,1.0000
1387162,1387162,0.9741,0.8753,0.9959,0.9978,0.9900
1387174,1387174,0.9767,1.0000,0.9976,0.9992,0.9996
1389074,1389074,0.9940,0.9600,0.9999,0.9997,1.0000
1389177,1389177,0.9943,0.9628,0.9989,0.9995,1.0000
1389210,1389210,0.9862,0.9410,0.9991,0.9977,0.9995
1390164,1390164,0.0019,0.3753,0.0000,0.1669,0.0000
1390173,1390173,0.9823,0.9726,0.9998,0.9965,0.9997
1390343,1390343,0.8866,0.6491,1.0000,0.9977,0.9999
1391191,1391191,0.9446,0.8724,0.9998,0.9958,0.9998
1392367,1392367,0.9953,0.9283,0.9998,0.9995,0.9997
1392400,1392400,1.0000,1.0000,0.9999,0.9998,1.0000
1395159,1395159,0.8580,0.8910,1.0000,0.9955,0.9987
1397029,1397029,0.0000,0.1250,0.0000,0.6874,0.0000
1400026,1400026,0.7100,0.9324,0.9998,0.9980,0.9986
1402076,1402076,0.9462,0.9552,0.0000,0.0000,0.0000
1403033,1403033,0.9989,0.9753,1.0000,0.9990,1.0000
1408024,1408024,0.4088,0.9425,1.0000,0.9999,1.0000
1408068,1408068,0.9188,0.8934,1.0000,0.9997,0.9996
1409129,1409129,0.8746,0.8747,0.9999,0.9994,0.9985
1411114,1411114,0.9847,0.9825,0.9999,0.9997,0.9997
1413048,1413048,0.5157,0.8514,0.9971,0.9993,0.6842
1420185,1420185,0.9980,0.9790,0.9999,0.9998,0.9808
1430116,1430116,0.9698,0.9793,1.0000,0.9962,0.9999
1430136,1430136,0.9831,0.8823,0.9819,0.9989,0.9962
1430255,1430255,0.9994,0.8988,1.0000,0.9993,1.0000
1431064,1431064,0.9962,0.9698,1.0000,0.9999,1.0000
1431072,1431072,0.9858,0.8614,0.9979,0.9922,0.9986
1431096,1431096,0.9989,1.0000,0.9999,0.9999,1.0000
1431108,1431108,0.8488,1.0000,0.9999,0.9990,0.9999
1431163,1431163,0.9562,0.9900,1.0000,0.9999,1.0000
1432017,1432017,0.9229,0.3850,0.0017,0.9882,0.2773
1432026,1432026,0.1905,0.6779,0.0013,0.9990,0.6342
1432027,1432027,0.9549,0.9425,0.9999,0.9992,1.0000
1432078,1432078,0.9987,0.3059,1.0000,0.9467,0.9998
1432102,1432102,0.9998,0.8258,1.0000,0.0116,0.1599
1432141,1432141,0.9966,0.4772,1.0000,0.9964,0.5022
1433040,1433040,0.1937,0.9910,0.6699,0.9991,0.9712
1433108,1433108,0.9912,0.9385,0.9999,0.9993,0.9996
1433114,1433114,0.8928,0.9452,0.9993,0.9996,0.9599
1433226,1433226,0.9998,0.3289,0.9999,0.9722,0.9999
1434201,1434201,0.0025,0.1906,0.0003,0.0007,0.0000
1434203,1434203,0.9932,0.9900,0.9972,0.9996,1.0000
1434248,1434248,0.9951,0.9875,0.9999,0.9998,0.9999
1434258,1434258,0.9749,0.9697,1.0000,0.9995,1.0000
1434262,1434262,0.9790,0.7988,1.0000,0.9951,1.0000
1435033,1435033,0.9951,0.9883,0.9991,0.9943,0.9972
1435067,1435067,0.9976,0.9733,1.0000,0.9999,1.0000
1435094,1435094,0.5771,0.9735,0.9999,0.9991,0.9998
1439028,1439028,0.9947,1.0000,0.9998,0.9984,1.0000
1440057,1440057,0.9999,0.9780,1.0000,0.9995,1.0000
1442085,1442085,0.9858,0.9411,0.9955,0.9995,0.9997
1443078,1443078,0.9963,0.9203,0.9992,0.9994,0.9997
1444028,1444028,0.9979,0.9845,0.9999,0.9998,1.0000
1447133,1447133,0.9486,0.6506,0.8947,0.5774,0.7949
1447146,1447146,0.9790,0.8344,0.9995,0.9991,0.9996
1448122,1448122,0.9931,0.9683,1.0000,0.9992,0.9999
1449074,1449074,0.9999,0.9900,1.0000,0.9999,1.0000
1449102,1449102,0.9997,0.9470,0.9993,0.9993,0.9998
1449115,1449115,0.9665,0.8831,1.0000,0.9986,0.9998
1450026,1450026,0.7804,0.9900,0.9997,0.9999,1.0000
1450127,1450127,0.9834,0.9436,0.9994,0.9993,0.9999
1450148,1450148,0.9999,1.0000,1.0000,1.0000,1.0000
1452059,1452059,0.9587,0.8671,0.9651,0.9973,0.9582
1456020,1456020,0.8537,0.7942,0.9965,0.9968,0.5452
1457019,1457019,0.2442,0.5648,0.0000,0.0055,0.0007
1457045,1457045,0.0000,0.0597,0.1608,0.0016,0.0000
1466032,1466032,0.9989,0.9811,1.0000,0.9996,1.0000
1469040,1469040,0.9983,1.0000,1.0000,0.9999,1.0000
1470063,1470063,1.0000,0.7719,1.0000,0.8434,1.0000
1472020,1472020,0.9994,0.8865,1.0000,0.9997,1.0000
1473025,1473025,0.8057,0.9393,0.9803,0.9989,0.8791
1473027,1473027,0.9997,0.9127,1.0000,0.9994,1.0000
1474020,1474020,0.9976,0.8311,0.9998,0.9988,1.0000
1479069,1479069,0.9999,0.8933,1.0000,0.9999,1.0000
1479130,1479130,0.7999,0.9538,0.9996,0.9995,0.9973
1480038,1480038,0.9833,1.0000,0.9999,1.0000,1.0000
1484053,1484053,0.9960,0.9900,1.0000,0.9999,0.9999
1487043,1487043,0.9124,0.9127,0.9999,0.9997,0.9632
1487055,1487055,0.8906,0.9279,0.9990,0.9996,0.9881
1488029,1488029,0.9999,1.0000,1.0000,1.0000,1.0000
1488098,1488098,0.9724,0.7254,1.0000,0.9990,1.0000
1490034,1490034,0.9985,0.9241,0.9999,0.9985,0.9999
1495047,1495047,0.9892,0.9967,1.0000,0.9998,1.0000
1500031,1500031,0.9975,1.0000,1.0000,0.9999,1.0000
1500076,1500076,0.9988,0.1959,1.0000,0.9995,1.0000
1500086,1500086,0.9950,0.9440,1.0000,0.9998,0.9999
1501075,1501075,0.4088,0.5443,0.0035,0.6523,0.0000
1501097,1501097,0.9996,0.5159,1.0000,0.9999,1.0000
1501131,1501131,0.9970,0.5489,0.9998,0.9994,1.0000
1501158,1501158,0.9946,0.8808,0.9992,0.9901,0.9929
1502029,1502029,0.9985,0.9620,0.9996,0.9998,1.0000
1502065,1502065,0.9999,1.0000,0.9988,1.0000,1.0000
1502132,1502132,0.9967,0.9833,1.0000,0.9995,0.9996
1503024,1503024,0.9998,0.9402,0.9998,0.9996,0.9999
1504096,1504096,0.9999,0.9082,0.9980,0.9986,0.9999
1504139,1504139,0.9937,1.0000,0.9964,0.9993,0.9999
1508029,1508029,0.9115,0.9518,0.9995,0.9894,0.9976
1509040,1509040,0.9723,0.8687,1.0000,0.9990,0.9973
1511024,1511024,0.9201,0.3895,0.9661,0.9996,0.5353
1512067,1512067,0.9998,0.9048,0.9999,0.9998,1.0000
1512101,1512101,0.9994,0.7625,0.9988,0.9990,0.9997
1514043,1514043,0.4942,0.8270,0.9976,0.4667,0.8614
1514059,1514059,0.9996,0.7548,0.9996,0.9985,0.9988
1516019,1516019,0.9994,0.9018,1.0000,0.9999,1.0000
1519027,1519027,0.9981,0.7894,0.9999,0.9998,0.9999
1519038,1519038,0.0000,0.8842,0.9961,0.9996,1.0000
1528034,1528034,0.9892,0.9205,0.9998,0.9982,0.9993
1530098,1530098,0.0001,0.0877,0.0000,0.0000,0.0000
1530120,1530120,0.0013,0.9080,0.0000,0.1136,0.0000
1530191,1530191,0.9998,0.9553,0.9986,0.9995,0.9988
1531033,1531033,0.9929,0.9458,0.9997,0.9997,0.9998
1531078,1531078,0.9987,0.9394,0.9980,0.9898,0.9998
1531089,1531089,0.9999,1.0000,1.0000,1.0000,1.0000
1531108,1531108,0.9992,0.9867,1.0000,0.9999,1.0000
1531112,1531112,0.9996,1.0000,0.9999,1.0000,1.0000
1531113,1531113,1.0000,0.9950,0.9998,0.9999,1.0000
1531145,1531145,0.9999,0.9220,1.0000,0.9998,1.0000
1532056,1532056,0.9905,0.8448,0.9997,0.9996,0.9988
1532057,1532057,0.9996,1.0000,1.0000,0.9995,1.0000
1533035,1533035,0.9852,0.8748,0.9993,0.9990,0.9998
1533036,1533036,0.9589,0.9936,0.9939,0.9545,0.6748
1534078,1534078,0.9990,0.9693,1.0000,0.9999,1.0000
1535064,1535064,0.9873,0.9754,0.9999,0.9990,0.9980
1536021,1536021,0.9962,0.9752,0.9998,0.9996,0.9996
1536026,1536026,0.9957,0.8435,0.9999,0.9967,0.9999
1536028,1536028,0.9847,1.0000,1.0000,0.9997,1.0000
1536112,1536112,0.9837,1.0000,1.0000,0.9986,1.0000
1537020,1537020,0.9882,0.9842,1.0000,0.9989,1.0000
1537077,1537077,0.7029,0.9771,0.9992,0.9992,0.6909
1538019,1538019,0.9999,0.9725,1.0000,0.9999,1.0000
1547048,1547048,0.9773,0.9222,0.9994,0.9942,0.8154
1547071,1547071,0.9971,1.0000,1.0000,0.9999,1.0000
1547086,1547086,0.9935,0.4241,0.9999,0.9995,1.0000
1548070,1548070,0.9886,0.8469,1.0000,0.9996,0.9999
1549078,1549078,0.9891,0.8542,0.8653,0.9969,0.7068
1550021,1550021,0.9959,0.9275,1.0000,1.0000,1.0000
1550103,1550103,0.9932,0.9232,0.9995,0.9996,0.9599
1551020,1551020,0.9977,1.0000,0.9998,0.9996,0.9984
1551083,1551083,0.7935,0.9725,0.9997,0.9934,0.9977
1551108,1551108,0.9876,0.9447,0.9980,0.9958,0.9929
1552028,1552028,1.0000,1.0000,1.0000,1.0000,1.0000
1552143,1552143,0.9944,0.7567,1.0000,0.9992,1.0000
1555053,1555053,0.9965,0.9889,0.9994,0.9983,0.9996
1559048,1559048,0.9978,0.6907,0.9999,0.9976,1.0000
1559051,1559051,0.9977,0.9519,1.0000,0.9993,1.0000
1559124,1559124,0.8356,0.9940,0.9987,0.9998,0.9981
1559147,1559147,0.9205,0.9847,0.9997,0.9979,0.8256
1559178,1559178,0.9880,0.2659,0.9983,0.9991,0.2057
1560034,1560034,0.9867,0.8842,1.0000,0.9995,1.0000
1560099,1560099,0.4769,0.9725,0.9983,0.9545,0.9995
1562077,1562077,0.9981,0.9767,1.0000,0.9974,1.0000
1562098,1562098,0.9996,0.9707,1.0000,0.9997,1.0000
1563063,1563063,0.9976,0.9494,0.9997,0.9995,0.9999
1564017,1564017,0.8277,0.9888,0.9849,0.9933,0.9948
1565032,1565032,0.9995,0.9720,1.0000,0.9998,1.0000
1566028,1566028,0.0104,0.9821,1.0000,1.0000,1.0000
1567044,1567044,0.9761,0.9621,0.9958,0.9999,0.9999
1569050,1569050,0.9832,0.9833,0.9999,0.9990,1.0000
1570024,1570024,0.9995,0.6428,1.0000,0.9999,1.0000
1574017,1574017,0.2178,0.9733,0.9996,0.9870,0.3615
1574019,1574019,0.7948,0.9153,0.9956,0.9992,0.9998
1574028,1574028,0.9752,0.9015,0.9982,0.9715,0.9934
1574062,1574062,0.9995,0.9672,1.0000,0.9998,1.0000
1574104,1574104,0.9998,0.9663,1.0000,1.0000,1.0000
1575019,1575019,0.9860,0.9860,0.9987,0.9948,0.9912
1575072,1575072,1.0000,0.9260,1.0000,0.9946,0.9969
1576034,1576034,0.9868,0.9267,0.9999,0.9992,0.9998
1578063,1578063,0.9782,0.9867,0.9252,0.9343,0.8983
1578103,1578103,0.9997,0.9650,1.0000,1.0000,1.0000
1579110,1579110,0.9998,0.5324,0.9996,0.9986,0.9999
1579146,1579146,0.9917,0.9900,0.9999,0.9979,1.0000
1581017,1581017,0.9719,0.9583,0.9996,0.9967,0.9956
1581048,1581048,0.0001,0.9940,1.0000,0.9999,1.0000
1588019,1588019,0.9887,1.0000,0.9921,0.9810,0.6082
1590044,1590044,0.9984,0.9633,0.9989,0.9991,1.0000
1590122,1590122,0.9837,0.9980,0.9999,0.9956,0.9998
1590133,1590133,0.8412,0.5711,0.0436,0.5836,0.6233
1592028,1592028,0.9999,0.9800,1.0000,1.0000,1.0000
1592067,1592067,0.9770,0.9875,0.9972,0.9962,0.9962
1593067,1593067,0.9800,0.5789,0.9999,0.9572,0.9988
1594042,1594042,0.9942,0.9833,0.9995,0.9976,0.9997
1595028,1595028,0.9943,0.7200,0.9999,0.9987,0.9963
1595110,1595110,1.0000,0.9396,1.0000,0.9999,1.0000
1595118,1595118,0.7273,0.9150,0.9996,0.9981,0.9997
1595127,1595127,0.9997,1.0000,0.9998,0.9998,1.0000
1596033,1596033,0.9998,0.8592,0.9998,0.9994,0.9977
1598039,1598039,0.7744,0.9627,0.9844,0.9816,0.6030
1599030,1599030,0.4443,0.9717,1.0000,0.9992,1.0000
1600036,1600036,0.8348,0.9039,1.0000,0.9995,1.0000
1602033,1602033,0.9958,1.0000,1.0000,0.9994,1.0000
1617030,1617030,0.9838,0.8898,0.9997,0.9991,0.9982
1617068,1617068,0.9664,0.9782,0.9999,0.9949,0.9961
1618036,1618036,0.9867,1.0000,0.9999,0.9999,1.0000
1618042,1618042,0.9982,1.0000,1.0000,0.9996,0.9999
1620051,1620051,0.9779,0.7582,0.6528,0.9999,0.9991
1625037,1625037,0.9998,1.0000,1.0000,1.0000,1.0000
1625059,1625059,0.9990,0.7789,1.0000,0.9994,1.0000
1632070,1632070,0.9939,0.5753,0.9973,0.9987,0.9992
1634024,1634024,0.9950,0.9477,0.9999,0.9999,1.0000
1635042,1635042,0.9970,0.9800,1.0000,0.9994,1.0000
1636043,1636043,0.9981,0.9760,0.9880,0.9995,0.9891
1636093,1636093,0.9992,0.7442,0.9989,0.9768,0.9998
1638030,1638030,0.9981,0.9467,0.9999,0.9998,0.9959
1639025,1639025,0.9998,1.0000,1.0000,0.9991,1.0000
1640083,1640083,0.0000,0.8397,0.0000,0.0012,0.0000
1641173,1641173,0.9998,0.9808,1.0000,0.9997,0.9934
1641279,1641279,1.0000,0.7720,1.0000,1.0000,1.0000
1641288,1641288,0.9941,0.9273,0.9651,0.9983,0.9779
1641368,1641368,0.9977,0.9800,0.9999,0.9952,0.9979
1642117,1642117,0.9974,0.8628,0.9992,0.9993,0.9964
1642138,1642138,0.9980,0.9337,1.0000,0.9996,0.9995
1642158,1642158,0.9984,0.4626,1.0000,0.9919,0.9978
1642178,1642178,0.9791,0.9960,1.0000,0.9998,0.9986
1643063,1643063,0.9959,0.3402,0.9999,0.9991,1.0000
1643213,1643213,0.9977,0.9980,1.0000,0.9999,1.0000
1643292,1643292,0.9978,0.5174,0.9995,0.9899,0.9998
1643312,1643312,0.5196,0.6549,0.9615,0.9993,0.9998
1643313,1643313,0.9996,0.9822,1.0000,0.9999,1.0000
1643316,1643316,0.9252,0.9248,0.0458,0.9177,0.0001
1643338,1643338,0.9993,0.9830,0.9999,0.9990,0.9993
1644061,1644061,0.9255,0.9708,0.9997,0.9996,0.1407
1644163,1644163,0.9989,0.8550,0.9999,0.9998,1.0000
1644180,1644180,0.9972,1.0000,1.0000,0.9999,1.0000
1644211,1644211,0.9318,0.5758,0.9646,0.9880,0.5945
1644213,1644213,0.9973,0.9967,0.9993,0.9996,1.0000
1644290,1644290,0.9994,0.9539,1.0000,0.9998,1.0000
1645092,1645092,0.8947,0.2368,0.9999,0.9998,0.9999
1645125,1645125,0.9997,0.9562,1.0000,0.9998,1.0000
1645145,1645145,0.9621,0.9538,0.9888,0.9913,0.9758
1645158,1645158,0.5596,0.8578,0.4694,0.9959,0.9761
1645195,1645195,0.9998,0.9595,1.0000,0.9992,1.0000
1645208,1645208,0.9993,1.0000,1.0000,0.9952,1.0000
1646092,1646092,0.9820,0.9715,0.9998,0.9974,0.9999
1646094,1646094,0.9052,0.7952,0.6327,0.9918,0.6497
1647048,1647048,0.9974,0.9248,1.0000,0.9985,1.0000
1650024,1650024,0.9996,0.9808,1.0000,0.9999,1.0000
1652139,1652139,0.9682,0.9748,1.0000,0.9993,0.9990
1653101,1653101,0.8755,0.9592,1.0000,0.9966,0.9999
1654105,1654105,0.9963,0.9975,0.9998,0.9983,0.9998
1655086,1655086,0.9949,1.0000,1.0000,1.0000,1.0000
1659122,1659122,0.6669,1.0000,0.0035,0.6604,0.0350
1660018,1660018,0.9987,0.7321,1.0000,0.9995,1.0000
1662023,1662023,1.0000,0.6867,1.0000,0.9998,1.0000
1673068,1673068,0.0038,0.9900,1.0000,0.9996,1.0000
1673097,1673097,0.9732,0.4499,0.9991,0.9967,0.9998
1674022,1674022,0.9987,0.9527,0.9999,0.9989,1.0000
1682020,1682020,0.9999,0.5989,0.9998,0.9957,1.0000
1692030,1692030,0.9649,0.9650,1.0000,0.9868,0.9992
1697026,1697026,0.9992,0.6645,0.9998,0.9981,0.9999
1699061,1699061,0.9977,0.9608,0.9999,0.9991,1.0000
1699105,1699105,0.9996,0.4997,1.0000,0.9986,1.0000
1700105,1700105,0.5962,0.9333,0.0029,0.0065,0.0000
1700109,1700109,0.9866,0.9630,0.9998,0.9884,0.9978
1701055,1701055,0.9973,0.6711,0.9998,0.9982,0.9995
1701088,1701088,0.9953,0.9375,0.9998,0.8593,0.9996
1702083,1702083,0.9991,0.7475,1.0000,1.0000,1.0000
1702096,1702096,0.9947,0.4450,0.9852,0.4062,0.8444
1702112,1702112,0.9986,0.9708,0.9994,0.9410,0.9995
1703026,1703026,0.9963,0.9510,0.9999,0.9996,0.9997
1703072,1703072,0.9187,0.9900,1.0000,0.9949,0.9999
1718059,1718059,0.0032,0.6031,0.9078,0.1043,0.0066
1719037,1719037,0.9174,0.7268,0.9987,0.9952,0.9992
1721068,1721068,0.9602,0.8867,0.9924,0.9977,0.9991
1723034,1723034,0.9974,0.8740,0.9950,0.9856,0.9924
1770206,1770206,0.9942,0.9847,0.9940,0.9998,0.9999
1770225,1770225,0.9043,0.9411,0.9977,0.9993,0.9825
1770254,1770254,0.9925,0.9808,0.9996,0.9989,0.9990
1770386,1770386,0.9940,0.9817,0.9989,0.9995,1.0000
1770442,1770442,0.5804,0.9330,0.9989,0.9999,0.9926
1770487,1770487,0.4583,0.9933,0.2982,0.9150,0.1083
1770680,1770680,0.9960,0.8683,1.0000,0.9981,0.9971
1770702,1770702,0.2461,0.4205,0.0290,0.7078,0.1396
1773049,1773049,0.9973,1.0000,1.0000,1.0000,1.0000
1773078,1773078,0.9993,0.9446,1.0000,0.9999,0.9999
1773189,1773189,0.9997,0.9042,0.9992,0.9997,0.9987
1773237,1773237,0.9906,0.8759,1.0000,0.9997,1.0000
1773339,1773339,0.9282,0.7185,0.5139,0.8222,0.9466
1774102,1774102,0.0014,0.9900,0.0356,0.1022,0.9814
1776304,1776304,0.9909,0.9151,0.9956,0.9984,0.9995
1776329,1776329,0.8909,0.9578,0.9871,0.9992,0.9947
1777122,1777122,0.3863,0.4351,0.9993,0.9998,0.9936
1777124,1777124,0.9938,0.9094,0.9995,0.9997,1.0000
1780045,1780045,0.9988,0.9191,1.0000,1.0000,1.0000
1780122,1780122,0.6354,0.9580,1.0000,0.9997,1.0000
1780287,1780287,0.9710,0.8898,0.9979,0.0115,0.9995
1782065,1782065,0.9981,0.9830,1.0000,0.9999,1.0000
1783052,1783052,0.9931,0.5404,0.9940,0.9169,0.9983
1784110,1784110,0.9960,0.5096,0.9382,0.0168,0.8631
1790098,1790098,0.9703,1.0000,1.0000,0.9999,1.0000
1791048,1791048,0.5763,0.6735,0.9769,0.9711,0.7661
1791116,1791116,0.9930,1.0000,1.0000,0.9999,1.0000
1792093,1792093,0.9999,1.0000,1.0000,0.9998,1.0000
1795052,1795052,0.8993,0.9667,1.0000,0.9914,0.9999
1797044,1797044,0.9934,0.9613,0.9998,0.9716,1.0000
1810037,1810037,0.9972,0.9443,0.9989,0.9994,0.9996
1810087,1810087,0.9936,0.9269,0.9994,0.9997,1.0000
1810236,1810236,0.9784,0.8892,0.3959,0.8653,0.0199
1810306,1810306,0.9259,0.6700,0.9999,0.9973,0.9961
1811099,1811099,0.9991,0.0792,0.9994,0.9993,0.9998
1811128,1811128,0.8874,0.9018,0.9997,0.9967,0.8283
1814082,1814082,0.0188,0.7269,0.5907,0.9904,0.2326
1815065,1815065,0.9960,0.7735,0.9998,0.9897,1.0000
1817265,1817265,0.9060,0.9450,0.9973,0.9973,0.0573
1817269,1817269,0.9975,1.0000,1.0000,0.9989,1.0000
1826039,1826039,0.9030,0.9175,0.9999,0.9990,0.9978
1833067,1833067,0.9948,0.9638,0.9997,0.9997,1.0000
1833321,1833321,0.4126,0.9713,0.9991,0.9979,0.9990
1833339,1833339,0.8425,0.9543,1.0000,0.9956,0.9935
1833468,1833468,0.5802,0.7608,1.0000,0.9976,0.9998
1833564,1833564,0.7411,0.9733,0.9994,0.2725,0.5529
1834104,1834104,0.9999,0.9967,0.9986,0.9533,0.1028
1835110,1835110,0.9991,0.8818,1.0000,1.0000,1.0000
1837071,1837071,0.1451,0.0160,0.0001,0.0000,0.0000
1837096,1837096,0.9485,0.9580,0.9575,0.9994,0.9999
1839117,1839117,0.9938,0.9833,0.9990,0.9939,0.9963
1840041,1840041,0.9682,0.9750,1.0000,0.9998,1.0000
1842087,1842087,0.6748,0.9757,0.9998,0.9985,0.9875
1847028,1847028,0.9798,0.9505,0.9989,0.9961,0.9183
1847079,1847079,0.9410,1.0000,1.0000,0.9995,1.0000
1847100,1847100,0.9987,0.9599,1.0000,0.9999,1.0000
1847148,1847148,0.5144,0.4651,0.9969,0.0417,0.7538
1847151,1847151,0.3249,0.7859,0.9838,0.9421,0.9297
1847165,1847165,0.9950,0.8083,1.0000,0.9999,1.0000
1847216,1847216,0.9985,0.8918,0.9999,0.9939,1.0000
1847303,1847303,0.9997,1.0000,1.0000,0.9990,1.0000
1847317,1847317,0.3137,0.8348,0.9986,0.9986,0.7154
1848092,1848092,0.9857,0.9642,0.9984,0.9994,0.9996
1848198,1848198,0.0044,0.4081,0.0099,0.0218,0.0014
1849051,1849051,0.9999,0.9367,1.0000,0.9998,1.0000
1849109,1849109,0.9905,1.0000,0.9999,0.9968,0.9999
1849244,1849244,0.9602,0.9100,1.0000,0.9997,0.9997
1849276,1849276,0.9984,0.9657,0.9997,0.9198,0.9996
1850045,1850045,0.9866,0.9308,1.0000,0.9997,1.0000
1850154,1850154,0.9800,0.9126,0.9994,0.9993,0.9993
1854103,1854103,0.9985,0.8993,1.0000,0.9998,1.0000
1856065,1856065,0.9499,0.9795,0.9998,0.9746,0.9900
1860025,1860025,0.9957,1.0000,1.0000,1.0000,1.0000
1861164,1861164,0.9933,0.9850,0.9742,0.9981,0.9941
1861178,1861178,0.9983,1.0000,1.0000,1.0000,1.0000
1861210,1861210,0.9999,0.8707,0.9999,0.9996,1.0000
1861451,1861451,0.7080,0.9870,0.9999,0.9991,0.2586
1861472,1861472,0.9855,0.9250,1.0000,0.9991,1.0000
1861474,1861474,0.9937,0.9875,0.9999,0.9995,0.9998
1862039,1862039,0.9948,0.9081,1.0000,0.9999,1.0000
1862183,1862183,0.9985,0.9650,0.9978,0.9992,0.9993
1862207,1862207,0.8837,0.9043,0.0726,0.0070,0.0333
1864046,1864046,0.9061,0.9733,0.9998,0.9992,0.9965
1864084,1864084,0.9962,1.0000,1.0000,0.9995,1.0000
1867019,1867019,0.9989,0.9245,1.0000,0.9999,1.0000
1871017,1871017,0.9997,0.9191,1.0000,1.0000,1.0000
1872097,1872097,0.9047,0.9429,0.9995,0.9989,0.7986
1876204,1876204,0.9991,1.0000,1.0000,0.9978,1.0000
1876263,1876263,0.9998,0.8645,0.9999,0.9795,0.9999
1876287,1876287,0.9999,0.9792,0.9999,0.9994,0.9836
1876301,1876301,0.9879,0.9192,0.9980,0.9984,0.9966
1876304,1876304,0.9925,0.9385,0.9988,0.9992,0.9874
1876305,1876305,0.9891,0.9587,0.9997,0.9981,0.9793
1876308,1876308,0.9969,0.8722,0.9999,0.9998,0.9998
1876421,1876421,0.9979,1.0000,1.0000,1.0000,1.0000
1876431,1876431,0.9999,0.8456,1.0000,0.9998,1.0000
1876462,1876462,0.9919,0.7379,1.0000,0.9925,0.9845
1876533,1876533,0.9798,0.9967,0.9996,0.9985,1.0000
1876602,1876602,0.9978,0.8706,0.4735,0.9795,0.9782
1878148,1878148,0.9992,0.9950,1.0000,0.9999,1.0000
1878288,1878288,0.9924,0.8201,0.9952,0.7654,0.9333
1878334,1878334,0.9897,0.3704,0.9986,0.9845,0.9921
1878335,1878335,0.9941,0.9331,1.0000,0.9999,1.0000
1878612,1878612,0.8874,0.9900,0.3379,0.9192,0.5895
1878692,1878692,0.5978,0.8594,0.9997,0.9909,0.0421
1878719,1878719,0.9999,0.9643,1.0000,0.9999,1.0000
1878756,1878756,0.9702,0.5881,0.9972,0.9674,0.0396
1879187,1879187,0.8484,0.8349,0.9907,0.9966,0.9335
1879188,1879188,0.0000,0.9102,0.9966,0.9656,0.8614
1879208,1879208,0.9998,0.9935,1.0000,0.9999,1.0000
1879256,1879256,0.9908,0.9403,0.9999,0.9983,1.0000
1879263,1879263,1.0000,0.8574,1.0000,1.0000,1.0000
1879313,1879313,0.9920,0.9183,0.9997,0.9990,0.9995
1879412,1879412,0.9849,0.9478,1.0000,0.9988,1.0000
1879414,1879414,0.9952,0.9875,1.0000,0.9996,1.0000
1879426,1879426,0.9999,0.9975,1.0000,0.9998,1.0000
1879483,1879483,0.9266,0.9886,0.9997,0.9985,0.9985
1879532,1879532,0.9849,0.9900,1.0000,0.9999,1.0000
1879649,1879649,0.0910,0.2495,0.0000,0.0009,0.0000
1880304,1880304,0.9999,0.7763,1.0000,0.9997,1.0000
1880429,1880429,0.0535,0.6780,0.9918,0.0040,0.8684
1880486,1880486,0.9975,0.9467,0.9974,0.9986,0.9982
1880513,1880513,0.9966,0.9840,1.0000,0.9986,1.0000
1880545,1880545,0.8697,0.7523,0.6873,0.9979,0.9638
1880632,1880632,0.9991,0.9010,1.0000,0.9998,1.0000
1880686,1880686,0.9974,1.0000,1.0000,1.0000,1.0000
1881037,1881037,0.9840,0.9783,0.9999,0.9985,1.0000
1882097,1882097,0.9875,0.9304,0.9611,0.9918,0.8362
1883111,1883111,0.9887,0.9547,1.0000,0.9998,0.9993
1883166,1883166,0.9947,0.9600,0.9998,0.9998,1.0000
1887027,1887027,0.8604,0.9046,0.9977,0.9987,0.9947
1889022,1889022,0.9984,0.9900,1.0000,0.9997,1.0000
1889090,1889090,0.9992,0.8863,1.0000,0.9999,1.0000
1889155,1889155,0.9193,0.9362,1.0000,0.9995,0.9999
1889211,1889211,0.9296,0.8627,1.0000,0.9995,1.0000
1889226,1889226,0.9924,0.8705,0.9999,0.9993,0.9945
1889253,1889253,0.9986,0.8548,0.9993,0.9990,0.9998
1890041,1890041,0.9946,0.8872,0.9992,0.9947,0.9996
1890212,1890212,0.9839,0.8609,1.0000,0.9953,1.0000
1891030,1891030,0.9978,0.9431,0.9730,0.9969,0.9884
1891055,1891055,0.9132,0.7696,0.9942,0.9934,0.9968
1891070,1891070,0.9880,0.9871,0.9998,0.9993,0.9954
1891082,1891082,0.9990,0.9775,1.0000,0.9990,1.0000
1891107,1891107,0.9995,0.8250,1.0000,0.9999,1.0000
1891147,1891147,0.9992,0.9850,0.9997,0.9991,0.9605
1891261,1891261,0.9587,0.6991,1.0000,0.6710,0.9996
1891266,1891266,0.8650,0.8138,0.9909,0.9965,0.9988
1892072,1892072,0.9749,0.9960,0.0000,0.2395,0.0001
1892103,1892103,0.9999,0.8412,1.0000,1.0000,1.0000
1892149,1892149,0.9806,0.9663,1.0000,0.9998,1.0000
1892217,1892217,0.9991,0.9900,1.0000,1.0000,1.0000
1894320,1894320,0.9852,0.9797,0.9999,0.9994,0.9999
1895036,1895036,0.9984,1.0000,1.0000,0.9997,1.0000
1895233,1895233,0.0664,0.9867,0.9305,0.9990,0.9942
1896111,1896111,1.0000,0.9338,1.0000,0.9999,1.0000
1896164,1896164,0.9998,0.7817,1.0000,0.9995,1.0000
1896213,1896213,0.9871,0.8908,1.0000,0.9995,1.0000
1896244,1896244,0.9989,0.9441,0.9974,0.9721,0.9968
1896254,1896254,0.9992,0.9767,0.9993,0.9998,0.9997
1897267,1897267,0.9990,0.9851,1.0000,0.9997,1.0000
1898053,1898053,0.9987,0.9867,0.9999,0.9991,0.9985
1898108,1898108,1.0000,0.9724,1.0000,1.0000,1.0000
1898252,1898252,0.9936,0.8783,0.9999,0.9963,0.9999
1899029,1899029,0.9919,0.9780,1.0000,0.9969,0.9999
1899053,1899053,0.9992,0.8655,0.9999,0.9996,1.0000
1899065,1899065,0.9467,0.7076,0.9992,0.9978,0.9965
1899158,1899158,0.9988,0.9124,1.0000,0.9971,0.9999
1899442,1899442,0.9981,0.9275,0.9976,0.9998,0.9980
1900056,1900056,0.9893,0.9355,0.9810,0.9925,0.9984
1900124,1900124,0.9050,0.9798,0.9415,0.9836,0.9506
1900662,1900662,0.9993,0.9692,1.0000,1.0000,1.0000
1900801,1900801,0.9586,0.8647,0.5104,0.7116,0.2895
1900856,1900856,0.9997,0.9900,1.0000,0.9997,1.0000
1900865,1900865,0.9996,0.8968,0.9998,0.9997,1.0000
1901059,1901059,0.9999,1.0000,1.0000,0.9999,1.0000
1901115,1901115,0.9995,0.6057,1.0000,0.9999,1.0000
1901241,1901241,0.9421,0.9592,0.9996,0.9948,0.9920
1901257,1901257,0.9980,0.9306,0.9996,0.9998,1.0000
1901375,1901375,0.9847,0.9451,0.9999,0.9951,0.9998
1901738,1901738,0.9999,0.9550,1.0000,0.9900,0.9999
1901798,1901798,0.9986,0.8825,0.9995,0.9997,1.0000
1901803,1901803,0.9728,0.9475,0.9996,0.9996,0.9999
1901832,1901832,0.9993,0.7813,1.0000,0.9955,1.0000
1901899,1901899,0.5703,0.9900,0.9997,0.9879,0.2708
1902212,1902212,0.8927,0.5025,0.9999,0.9959,1.0000
1904061,1904061,0.7197,0.9936,0.9805,0.9979,0.9886
1904092,1904092,0.9998,0.9800,1.0000,0.9999,1.0000
1904152,1904152,0.9998,0.9800,1.0000,0.9999,1.0000
1904182,1904182,0.9550,0.9352,0.9988,0.9997,1.0000
1904287,1904287,0.9981,0.9796,0.9999,0.9995,1.0000
1904293,1904293,0.9883,1.0000,1.0000,0.9965,0.9998
1904300,1904300,0.9674,0.9458,1.0000,0.9987,1.0000
1904321,1904321,0.9902,0.8429,0.9999,0.9995,0.9995
1904352,1904352,0.5018,0.9877,0.9995,0.9976,0.9985
1905127,1905127,0.9535,0.9383,0.9994,0.9978,0.9993
1905171,1905171,0.9955,0.9971,1.0000,1.0000,1.0000
1905184,1905184,0.0442,0.4561,0.0002,0.9375,0.0022
1905244,1905244,0.9610,1.0000,1.0000,0.9997,1.0000
1906545,1906545,0.9966,0.9536,0.9996,0.9995,0.9998
1908380,1908380,0.8667,0.9548,0.9449,0.9974,0.5629
1908493,1908493,0.0000,0.9663,0.0000,0.0002,0.0000
1909375,1909375,0.9996,1.0000,0.9999,0.9975,1.0000
1910032,1910032,0.9692,0.9472,0.9999,0.9996,0.9999
1910065,1910065,0.8160,0.9007,0.9977,0.9954,0.9935
1910132,1910132,0.9966,0.9900,1.0000,0.9993,0.9999
1912020,1912020,0.9998,0.9093,1.0000,0.9999,1.0000
1912066,1912066,0.0942,0.9400,0.9998,0.9390,0.6781
1912110,1912110,0.9901,0.8386,1.0000,0.9998,0.9991
1912270,1912270,0.0000,0.9460,0.0007,0.0001,0.0000
1913214,1913214,0.9990,0.9627,1.0000,1.0000,1.0000
1915067,1915067,0.9969,0.8838,1.0000,0.9998,0.9996
1915087,1915087,0.9957,0.8196,0.9997,0.9961,0.9999
1915184,1915184,0.9993,1.0000,1.0000,0.9998,1.0000
1916124,1916124,0.9933,0.9393,1.0000,0.9998,0.9999
1916143,1916143,0.9991,0.9318,1.0000,1.0000,1.0000
1916193,1916193,0.9289,0.9767,0.9751,0.9989,0.3849
1916207,1916207,0.9992,1.0000,1.0000,1.0000,1.0000
1918076,1918076,0.9871,0.7521,0.5118,0.9971,0.9900
1919017,1919017,0.9985,0.6794,0.9817,0.9994,0.9999
1919042,1919042,0.9996,1.0000,1.0000,0.9999,1.0000
1920362,1920362,0.9962,0.8235,0.9998,0.9998,0.9999
1920365,1920365,0.9945,1.0000,1.0000,0.9999,1.0000
1921033,1921033,0.9999,0.9353,1.0000,1.0000,1.0000
1921361,1921361,0.9999,0.9730,1.0000,1.0000,1.0000
1922067,1922067,1.0000,0.8774,1.0000,0.9999,1.0000
1922297,1922297,0.9934,0.9980,0.9996,0.9997,0.9998
1922405,1922405,0.9999,0.9717,1.0000,0.9999,1.0000
1923060,1923060,0.9835,0.9967,1.0000,0.9999,1.0000
1923155,1923155,0.8798,0.8922,0.9990,0.9914,0.9995
1923415,1923415,0.9937,0.9070,0.9997,0.9997,0.9952
1924089,1924089,0.9998,0.9470,1.0000,0.9997,1.0000
1924103,1924103,0.9998,0.9860,1.0000,0.9993,1.0000
1924188,1924188,0.5215,0.9975,1.0000,0.9904,0.9710
1925122,1925122,0.5391,0.9090,0.9942,0.9984,0.9997
1927203,1927203,0.7995,0.9305,0.9737,0.9899,0.6108
1927242,1927242,0.9998,0.8893,1.0000,0.9999,1.0000
1927254,1927254,0.9999,0.9810,1.0000,0.9999,0.9993
1928108,1928108,0.0000,0.9757,0.0000,0.0001,0.0000
1928157,1928157,0.9955,0.9355,1.0000,0.9996,1.0000
1929022,1929022,0.9989,0.9960,1.0000,0.9998,0.9998
1929024,1929024,0.9998,0.8596,0.9999,0.9999,1.0000
1929034,1929034,0.8535,0.5342,0.9985,0.9658,0.1055
1929063,1929063,0.9998,0.8773,1.0000,0.9999,1.0000
1929216,1929216,0.9927,0.7117,1.0000,0.9999,1.0000
1933035,1933035,0.9232,0.3878,0.4359,0.7233,0.3469
1933168,1933168,0.9744,0.9830,1.0000,0.9996,1.0000
1933196,1933196,0.8657,0.9760,0.9926,0.9991,0.6025
1933258,1933258,0.9906,0.9590,1.0000,0.9992,1.0000
1934253,1934253,0.9997,1.0000,1.0000,0.9996,1.0000
1934353,1934353,0.1439,0.6485,0.9962,0.9983,0.9923
1936125,1936125,0.9527,0.9555,1.0000,0.9962,0.9999
1936171,1936171,0.9949,0.9758,1.0000,0.9999,1.0000
1936215,1936215,0.9974,0.9305,1.0000,0.9982,1.0000
1936293,1936293,0.8382,0.9603,0.9996,0.9964,0.9851
1936353,1936353,0.9223,0.9006,0.9998,0.9986,0.9994
1937078,1937078,0.0044,0.8215,0.0000,0.0059,0.0015
1942106,1942106,0.9969,0.9333,0.9999,0.9997,0.9998
1943111,1943111,0.9991,1.0000,0.9999,0.9997,0.9999
1945100,1945100,0.0000,0.9813,0.0001,0.0045,0.0000
1945116,1945116,0.9978,0.9534,1.0000,0.9999,1.0000
1946246,1946246,0.8471,0.9821,1.0000,0.9940,0.3612
1946322,1946322,0.9583,0.7498,1.0000,0.9984,1.0000
1948209,1948209,0.9999,0.9900,0.9999,0.9945,1.0000
1948295,1948295,0.9811,0.8247,1.0000,0.9989,1.0000
1948484,1948484,0.8789,0.9146,0.9640,0.9935,0.9996
1950024,1950024,0.9000,0.9380,0.9999,0.9937,0.9355
1950043,1950043,0.9573,0.9454,0.9964,0.9874,0.2608
1959025,1959025,0.9867,0.8921,0.9996,0.9996,0.9998
1968046,1968046,1.0000,0.9225,1.0000,0.9998,1.0000
